1;Merano stazione - Meran Bahnhof;11.1498094444444;46.6730086111111;0;BZ-ME / 1 ME / 2 ME / 3 ME / 4 ME / 6 ME / 146 ME / 12 ME / 13 ME / TIROLO / ME-AV / NIGHTSH
2;via delle Corse - Rennweg;11.1595175;46.6720725;0;BZ-ME / 2 ME / 3 ME / 11 ME / 12 ME / 13 ME / TIROLO / ME-AV
3;via Goethe 2 - Goethe Str. 2;11.1522275;46.6759575;0;BZ-ME / 12 ME / 13 ME
4;via Goethe 4 - Goethe Str. 4;11.1453691666667;46.6778113888889;0;12 ME / 13 ME
5;via Weingartner 1 - Weingartnerstr. 1;11.1271777777778;46.6792483333333;0;11 ME / 12 ME / 13 ME
6;Tel 2 - Toell 2;11.0872563888889;46.6786897222222;0;13 ME
99;Tel 2 - Toell 2;11.0882230555556;46.6789433333333;0;13 ME
100;via Weingartner 1 - Weingartnerstr. 1;11.1267961111111;46.6791863888889;0;11 ME / 12 ME / 13 ME / NIGHTSH
101;via Goethe 4 - Goethe Str. 4;11.1462975;46.6774688888889;0;11 ME / 12 ME / 13 ME / NIGHTSH
248;via delle Corse - Rennweg;11.1593841666667;46.6712058333333;0;3 ME / 6 ME / 12 ME / 13 ME / TIROLO / NIGHTSH
249;via Goethe 2 - Goethe Str. 2;11.1524294444444;46.6758686111111;0;6 ME / 12 ME / 13 ME / NIGHTSH
306;via Piave 1 - Piavestr. 1;11.1587341666667;46.6677391666667;0;BZ-ME / 2 ME / 6 ME / 146 ME / 11 ME / 12 ME / TIROLO / ME-AV / NIGHTSH
307;via San Giorgio - St. Georgen Str.;11.1693827777778;46.67036;0;TIROLO
308;via San Giorgio - St. Georgen Str.;11.1694161111111;46.6704477777778;0;TIROLO
310;via passo Giovo - Jaufenstr.;11.1679947222222;46.6869213888889;0;ZEN-FIN / VERNURIO
311;via passo Giovo - Jaufenstr.;11.1677863888889;46.6869433333333;0;VERNURIO
312;Finele - Finele;11.1686494444444;46.6954313888889;0;ZEN-FIN / VERNURIO
313;Finele - Finele;11.16891;46.6957325;0;VERNURIO
314;Caines, Kuenserhof - Kuens, Kuenserhof;11.1741716666667;46.6954975;0;VERNURIO
315;Caines, Kuenserhof - Kuens, Kuenserhof;11.1739847222222;46.69551;0;VERNURIO
316;Rifiano - Riffian;11.1806805555556;46.7024605555556;0;VERNURIO
317;Rifiano - Riffian;11.1805952777778;46.7023869444444;0;VERNURIO
319;Bivio Vernurio - Abzweigung Vernuer;11.1874652777778;46.7108308333333;0;VERNURIO
396;via Piave 3 - Piavestr. 3;11.1595677777778;46.6628058333333;0;11 ME / 12 ME
397;via Piave 3 - Piavestr. 3;11.1592433333333;46.6636725;0;11 ME / 12 ME / 14 ME
398;Maia Bassa stazione - Untermais Bahnhof;11.1489980555556;46.6568752777778;0;11 ME / 12 ME
399;Maia Bassa stazione - Untermais Bahnhof;11.1488125;46.6566869444444;0;11 ME / 12 ME / 14 ME
400;ponte Marlengo - Marlinger Bruecke;11.1448058333333;46.6575633333333;0;11 ME / 12 ME
401;ponte Marlengo - Marlinger Bruecke;11.144965;46.6578941666667;0;11 ME / 12 ME / 14 ME
402;Marlengo 1 - Marling 1;11.1465019444444;46.6535994444444;0;BZ-ME / 11 ME / 12 ME
403;Marlengo 1 - Marling 1;11.1468644444444;46.6525022222222;0;BZ-ME / 11 ME / 12 ME / 14 ME
404;Cermes 3 - Tscherms 3;11.1450344444444;46.6323844444444;0;BZ-ME / 11 ME
405;Cermes 3 - Tscherms 3;11.1449727777778;46.631975;0;BZ-ME / 11 ME / 14 ME / NIGHTSH
406;Lana Autostazione - Lana Busbahnhof;11.1419305555556;46.6186883333333;0;BZ-ME / 248 BZ / 11 ME / 14 ME / CITY LA / NIGHTSH
466;Lana Autostazione - Lana Busbahnhof;11.1416872222222;46.6181291666667;0;BZ-ME / 248 BZ / 11 ME / 14 ME / CITY LA
467;Lana Comune - Gemeinde Lana;11.145545;46.6162194444444;0;BZ-ME / 11 ME / 14 ME / CITY LA
468;Chiesa S. Croce - Heilig Kreuz Kirche;11.1502077777778;46.6153827777778;0;BZ-ME / 11 ME / CITY LA
469;Lana Knabenschule - Lana Knabenschule;11.1531486111111;46.6145055555556;0;11 ME / CITY LA
470;piazza Tribus - Tribusplatz;11.1562441666667;46.6127805555556;0;11 ME / CITY LA
471;Sant'Anna - Sankt Anna;11.159525;46.607745;0;11 ME / CITY LA
472;via Dogana 1 - Zollstr. 1;11.1616172222222;46.6061588888889;0;11 ME / CITY LA
473;via Dogana 3 - Zollstr. 3;11.1678825;46.6087058333333;0;11 ME / CITY LA
474;Lana Lido - Lana Schwimmbad;11.175015;46.6087463888889;0;11 ME / CITY LA
475;Postal Stazione - Burgstall Bahnhof;11.1826416666667;46.6086433333333;0;2 ME / 11 ME / CITY LA
476;Postal Paese - Burgstall Dorf;11.1927186111111;46.608245;0;BZ-ME / CITY LA / NIGHTSH
477;Postal Fun. Verano - Burgstall Seilb. Voeran;11.1989697222222;46.6008902777778;0;BZ-ME / CITY LA / NIGHTSH
478;Gargazzone - Gargazon;11.2015152777778;46.5865263888889;0;BZ-ME / NIGHTSH
479;Gargazzone Waldweg - Gargazon Waldweg;11.2114255555556;46.5810941666667;0;BZ-ME / NIGHTSH
481;Gargazzone Waldweg - Gargazon Waldweg;11.2116355555556;46.5810488888889;0;BZ-ME / NIGHTSH
482;Gargazzone - Gargazon ;11.2017808333333;46.58636;0;BZ-ME / NIGHTSH
483;Postal Fun. Verano - Burgstall Seilb. Voeran;11.1992258333333;46.5996547222222;0;BZ-ME / CITY LA / NIGHTSH
485;Postal Paese - Burgstall Dorf;11.1927836111111;46.6083816666667;0;BZ-ME / CITY LA / NIGHTSH
486;Lana Lido - Lana Schwimmbad;11.1749638888889;46.6087902777778;0;11 ME / CITY LA / NIGHTSH
487;via Bolzano 2 - Boznerstr. 2;11.1666858333333;46.6103936111111;0;BZ-ME / 11 ME / CITY LA / NIGHTSH
488;via Bolzano 1 - Boznerstr. 1;11.1622527777778;46.6121538888889;0;11 ME / CITY LA / NIGHTSH
489;piazza Tribus - Tribusplatz;11.1558580555556;46.6133402777778;0;BZ-ME / 11 ME / CITY LA / NIGHTSH
492;via Schnatterbeck 1 - Schnatterbeckstr. 1;11.1609197222222;46.6057808333333;0;CITY LA
493;via Schnatterbeck 2 - Schnatterbeckstr. 2;11.1623211111111;46.6018133333333;0;CITY LA
494;Lana di sotto - Niederlana;11.1634583333333;46.5999397222222;0;CITY LA
495;via Dogana 3 - Zollstr. 3;11.16828;46.6090736111111;0;11 ME / CITY LA
496;via Dogana 1 - Zollstr. 1;11.1622611111111;46.6064947222222;0;11 ME / CITY LA
497;via Schnatterbeck 2 - Schnatterbeckstr. 2;11.1622516666667;46.6020372222222;0;CITY LA
498;via della Chiesa 3 - Kirchweg 3;11.1550763888889;46.6082411111111;0;CITY LA
499;via della Chiesa 2 - Kirchweg 2;11.1529566666667;46.6102322222222;0;CITY LA
500;Lana Knabenschule - Lana Knabenschule;11.1536497222222;46.6143413888889;0;11 ME / NIGHTSH
501;Chiesa S. Croce - Heilig Kreuz Kirche;11.1490936111111;46.615875;0;11 ME / 14 ME / CITY LA / NIGHTSH
502;Lana Comune - Gemeinde Lana;11.1454552777778;46.6163691666667;0;BZ-ME / 11 ME / 14 ME / CITY LA / NIGHTSH
503;Lana scuola media - Lana Mittelschule;11.1460436111111;46.6179691666667;0;14 ME / CITY LA
504;Lana scuola media - Lana Mittelschule;11.1466038888889;46.6178225;0;14 ME / CITY LA
505;Chiesa S. Croce - Heilig Kreuz Kirche;11.1498372222222;46.6158563888889;0;CITY LA
506;via Palade 1- Gampenstr. 1;11.143;46.6144816666667;0;248 BZ / 14 ME / CITY LA
507;via Palade 2 - Gampenstr. 2;11.1511313888889;46.6068313888889;0;248 BZ / 14 ME / CITY LA
508;S. Giorgio - St. Georgen;11.1564688888889;46.5995061111111;0;14 ME / CITY LA
509;Foiana 1 - Voellan 1;11.1481969444444;46.6041719444444;0;14 ME / CITY LA
510;Foiana 2 - Voellan 2;11.1435227777778;46.5983272222222;0;14 ME / CITY LA
511;Foiana 4 - Voellan 4;11.1477547222222;46.5922122222222;0;14 ME / CITY LA
512;Foiana Paese - Voellan Dorf;11.1470733333333;46.5893858333333;0;14 ME / CITY LA
513;Foiana Chiesa - Voellan Kirche;11.1454441666667;46.5905252777778;0;14 ME / CITY LA
514;Foiana Paese - Voellan Dorf;11.1471172222222;46.5893827777778;0;14 ME / CITY LA
515;Foiana 4 - Voellan 4;11.1478272222222;46.5919666666667;0;14 ME / CITY LA
516;Foiana 3 - Voellan 3;11.1474691666667;46.5956852777778;0;14 ME / CITY LA
517;Foiana 2 - Voellan 2;11.1440225;46.5986702777778;0;14 ME / CITY LA
518;Foiana 1 - Voellan 1;11.1480463888889;46.6041063888889;0;14 ME / CITY LA
519;S. Giorgio - St. Georgen;11.1564977777778;46.5994233333333;0;14 ME / CITY LA
520;via Palade 2 - Gampenstr. 2;11.1511966666667;46.6068438888889;0;248 BZ / 14 ME / CITY LA
521;via Palade 1- Gampenstr. 1;11.1430430555556;46.6145166666667;0;248 BZ / 14 ME / CITY LA
522;via Merano 2 - Meranerstr. 2;11.1457061111111;46.6231297222222;0;11 ME / 14 ME / NIGHTSH
523;via Merano 2 - Meranerstr. 2;11.1457061111111;46.6231297222222;0;BZ-ME / 11 ME / 14 ME
524;Cermes 2 - Tscherms 2;11.1463952777778;46.6350822222222;0;11 ME
525;Cermes 2 - Tscherms 2;11.1474516666667;46.6353775;0;11 ME / NIGHTSH
526;Cermes 1 - Tscherms 1;11.1505263888889;46.6376330555556;0;11 ME / 14 ME / NIGHTSH
527;Cermes 1- Tscherms 1;11.1505322222222;46.6377544444444;0;11 ME
528;Marlengo 3 - Marling 3;11.1454897222222;46.6463163888889;0;11 ME / 14 ME / NIGHTSH
529;Marlengo 3 - Marling 3;11.1454277777778;46.6463066666667;0;11 ME
530;via Palade 2 - Gampenstr. 2;11.1547458333333;46.6594683333333;0;11 ME / 12 ME / 14 ME
531;via Palade 2 - Gampenstr. 2;11.1550680555556;46.6597591666667;0;11 ME / 12 ME
532;via Palade 1 - Gampenstr. 1;11.1582827777778;46.6611494444444;0;11 ME / 12 ME / 14 ME
534;via Piave 1 - Piavestr. 1;11.1591230555556;46.6685858333333;0;BZ-ME / 6 ME / 11 ME / 12 ME / 14 ME
535;piazza Teatro - Theater Platz;11.1591988888889;46.6706891666667;0;2 ME / 6 ME / 146 ME / 11 ME / 12 ME
536;piazza Teatro - Theater Platz;11.1588691666667;46.6708697222222;0;1 ME / 2 ME / 4 ME / 6 ME / 11 ME / 12 ME / 14 ME / NIGHTSH
537;via Goethe 1 - Goethe Str. 1;11.1560469444444;46.6751036111111;0;BZ-ME / 11 ME / 12 ME / 13 ME
538;via Goethe 1 - Goethe Str. 1;11.1562994444444;46.6749966666667;0;11 ME / 12 ME / 13 ME / NIGHTSH
539;via Goethe 3 - Goethe Str. 3;11.1498561111111;46.6764805555556;0;BZ-ME / 12 ME / 13 ME
540;via Goethe 3 - Goethe Str. 3;11.1506775;46.6762580555556;0;6 ME / 12 ME / 13 ME / NIGHTSH
541;Fonte S. Martino - Martinsbrunn;11.1460363888889;46.6844972222222;0;3 ME
542;via Karl Wolf 6 - Karl Wolf Str. 6;11.147405;46.6823347222222;0;3 ME / 146 ME / 11 ME / 12 ME / 14 ME
543;via Karl Wolf 6 - Karl Wolf Str. 6;11.1473611111111;46.6823552777778;0;2 ME / 3 ME / 11 ME
544;via Karl Wolf 5 - Karl Wolf Str. 5;11.151165;46.6803238888889;0;BZ-ME / 2 ME / 3 ME / 146 ME / 11 ME / 12 ME / 14 ME
545;via Karl Wolf 5 - Karl Wolf Str. 5;11.1509416666667;46.6805219444444;0;2 ME / 3 ME / 11 ME
546;via Karl Wolf 3 - Karl Wolf Str. 3;11.1537305555556;46.6788919444444;0;BZ-ME / 2 ME / 3 ME / 11 ME / 12 ME
547;via Karl Wolf 3 - Karl Wolf Str. 3;11.1533575;46.6790444444444;0;2 ME / 3 ME / 4 ME / 11 ME
548;via Karl Wolf 2 - Karl Wolf Str. 2;11.1553980555556;46.6781177777778;0;2 ME / 3 ME / 12 ME
549;via Karl Wolf 2 - Karl Wolf Str. 2;11.1551566666667;46.6782980555556;0;2 ME / 3 ME / 4 ME / 11 ME
550;via Weingartner 3 - Weingartnerstr. 3;11.1341775;46.6796591666667;0;11 ME / 12 ME / 13 ME
551;via Weingartner 3 - Weingartnerstr. 3;11.1346327777778;46.679635;0;11 ME / 12 ME / 13 ME / NIGHTSH
552;Foresta - Forst;11.11876;46.6779525;0;12 ME
553;Parcines - Partschins ;11.0749358333333;46.6832783333333;0;13 ME
554;Tel 1 - Toell 1;11.0842261111111;46.6772477777778;0;13 ME
555;Tel 1 - Toell 1;11.0841758333333;46.6773133333333;0;13 ME
556;Tel 3 - Toell 3;11.0918652777778;46.6804511111111;0;13 ME
557;Tel 3 - Toell 3;11.0917825;46.6803977777778;0;13 ME
558;Bivio Plars di sopra - Abzw. Oberplars;11.0970755555556;46.6831975;0;13 ME
559;Bivio Plars di sopra - Abzw. Oberplars;11.0961341666667;46.6832552777778;0;13 ME
560;Plars di mezzo 2 - Mitterplars 2;11.10669;46.6827113888889;0;13 ME
561;Plars di mezzo 2 - Mitterplars 2;11.1065694444444;46.6827591666667;0;13 ME
562;Plars di mezzo 1 - Mitterplars 1;11.1128913888889;46.6843591666667;0;13 ME
563;Plars di mezzo 1 - Mitterplars 1;11.1127725;46.6842561111111;0;13 ME
564;Seggiovia Velloi - Sessellift Vellau;11.1139413888889;46.6856511111111;0;13 ME
565;Seggiovia Velloi - Sessellift Vellau;11.1137972222222;46.6855691666667;0;13 ME
568;Lagundo Comune - Gemeinde Algund;11.1215358333333;46.6833572222222;0;13 ME
569;Lagundo Comune - Gemeinde Algund;11.1215177777778;46.6833947222222;0;13 ME
572;Marlengo stazione - Marling Bahnhof;11.1384744444444;46.6643858333333;0;12 ME / NIGHTSH
573;Marlengo Paese 2 - Marling Dorf 2;11.1402791666667;46.659;0;12 ME
574;Marlengo Paese 2 - Marling Dorf 2;11.1403561111111;46.6581336111111;0;12 ME / NIGHTSH
575;Marlengo Paese 1 - Marling Dorf 1;11.1407266666667;46.6556869444444;0;12 ME
576;Marlengo Paese 1 - Marling Dorf 1;11.1408369444444;46.6556613888889;0;12 ME / NIGHTSH
577;Marlengo 2 - Marling 2;11.1457561111111;46.6478302777778;0;11 ME / 14 ME
578;Marlengo 2 - Marling 2;11.1459836111111;46.6485666666667;0;11 ME / 12 ME
580;Maria Assunta - Maria Himmelfahrt;11.1422125;46.6672341666667;0;1 ME / 146 ME
581;via Foro Boario 2 - Viehmarktstr. 2;11.1469344444444;46.6700763888889;0;1 ME / 146 ME
582;via Foro Boario 2 - Viehmarktstr. 2;11.1467597222222;46.6698813888889;0;1 ME / 146 ME
583;via Foro Boario 1 - Viehmarktstr. 1;11.1487175;46.6721275;0;1 ME / 146 ME
584;via Foro Boario 1 - Viehmarktstr. 1;11.1485525;46.6721752777778;0;1 ME / 146 ME
585;Cimitero - Friedhof;11.1470277777778;46.6736477777778;0;1 ME / 146 ME
586;Cimitero - Friedhof;11.1472594444444;46.6734011111111;0;1 ME / 146 ME
587;via San Giuseppe 1 - St. Josef Str. 1;11.1438094444444;46.6758772222222;0;1 ME / 146 ME
588;via San Giuseppe 1 - St. Josef Str. 1;11.1439619444444;46.6757672222222;0;1 ME / 146 ME
589;via IV Novembre - 4. Novemberstr.;11.1445675;46.6768058333333;0;1 ME / 146 ME
590;via IV Novembre - 4. Novemberstr.;11.1446341666667;46.6768891666667;0;1 ME / 146 ME
592;corso Liberta' 4 - Freiheitsstr. 4;11.1533230555556;46.671255;0;1 ME / 2 ME / 4 ME / 6 ME / 146 ME / 13 ME / NIGHTSH
593;corso Liberta' 4 - Freiheitsstr. 4;11.1533425;46.6712791666667;0;1 ME / 2 ME / 4 ME / 6 ME / 11 ME / 12 ME / 13 ME / 14 ME / NIGHTSH
594;corso Liberta' 3 - Freiheitsstr. 3;11.1554069444444;46.6711186111111;0;1 ME / 2 ME / 4 ME / 6 ME / 146 ME / NIGHTSH
595;corso Liberta' 3 - Freiheitsstr. 3;11.1557291666667;46.6711172222222;0;1 ME / 2 ME / 4 ME / 6 ME / NIGHTSH
600;via San Francesco - St. Franziskus Str.;11.1542947222222;46.6769075;0;4 ME / 6 ME / 11 ME
601;Ospedale - Krankenhaus;11.1522391666667;46.6776758333333;0;4 ME / 146 ME
602;via Karl Wolf 1 - Karl Wolf Str. 1;11.1584588888889;46.6750663888889;0;3 ME / 6 ME / 12 ME
603;via Karl Wolf 1 - Karl Wolf Str. 1;11.1586888888889;46.6749441666667;0;2 ME / 3 ME
605;via Enrico Toti 1 - Enrico Toti Str. 1;11.1562930555556;46.6647155555556;0;6 ME / 146 ME
606;via Enrico Toti 2 - Enrico Toti Str. 2;11.1529252777778;46.6647766666667;0;6 ME / 146 ME
607;via Wolkenstein - Wolkenstein Str.;11.1513830555556;46.6641311111111;0;6 ME / 146 ME
608;via Zuegg 1 - Zuegg Str. 1;11.1495294444444;46.6617530555556;0;6 ME / 146 ME
610;via Marlengo 1 - Marlingerstr. 1;11.1456338888889;46.6646097222222;0;6 ME / 146 ME
611;via Marlengo 2 - Marlingerstr. 2;11.1445444444444;46.6632975;0;6 ME / 146 ME
612;via Manzoni 1 - Manzoni Str. 1;11.1510683333333;46.6677861111111;0;6 ME / 146 ME
615;via Innerhofer - Innerhofer Str.;11.1644991666667;46.667775;0;4 ME / 146 ME
616;via Grabmayr - Grabmayr Str.;11.1660358333333;46.6647355555556;0;4 ME / 146 ME
617;via Winkel 2 - Winkel Weg 2;11.1709658333333;46.6651344444444;0;4 ME
618;via Winkel 1 - Winkel Weg 1;11.1690588888889;46.6678327777778;0;4 ME
621;via Winkel 3 - Winkel Weg 3;11.1744786111111;46.6635275;0;4 ME
622;via Winkel 4 - Winkel Weg 4;11.1766163888889;46.66212;0;4 ME
623;via Winkel 5 - Winkel Weg 5;11.1787041666667;46.6617616666667;0;4 ME
624;via Dante 4 - Dante Str. 4;11.1790827777778;46.6617897222222;0;4 ME / 146 ME
625;via Dante 5 - Dante Str. 5;11.1815722222222;46.6604525;0;4 ME
627;stazione via Hofer - Bahnhof Hofer Str.;11.1504911111111;46.6737838888889;0;1 ME / 4 ME / 6 ME / 146 ME / 11 ME / 12 ME / 14 ME
628;via Hofer 2 - Hofer Str. 2;11.1528586111111;46.6753475;0;4 ME / 11 ME / 12 ME / TIROLO / ME-AV / NIGHTSH
629;via A. Hofer 2 - A. Hofer Str. 2;11.1530077777778;46.6754652777778;0;BZ-ME / 2 ME / 4 ME / 146 ME / 11 ME / 12 ME / 13 ME / TIROLO / ME-AV
630;via Laurin 2 - Laurin Str. 2;11.1477097222222;46.6793661111111;0;BZ-ME / 3 ME / 146 ME / 11 ME / 12 ME / 14 ME
631;corso Liberta` 2 - Freiheitsstr. 2;11.1605211111111;46.6708722222222;0;1 ME / 3 ME / 4 ME / 146 ME / NIGHTSH
632;corso Liberta` 2 - Freiheitsstr. 2;11.1610369444444;46.6708408333333;0;1 ME / 2 ME / 3 ME / 4 ME / 146 ME
633;corso Liberta' 1 - Freiheitsstr. 1;11.1642261111111;46.6703544444444;0;1 ME / 3 ME / 4 ME / 146 ME / NIGHTSH
634;corso Liberta' 1 - Freiheitsstr. 1;11.1643586111111;46.6703508333333;0;1 ME / 2 ME / 3 ME / 4 ME / 146 ME
635;via Cavour 1 - Cavour Str. 1;11.1655638888889;46.6682336111111;0;1 ME / 3 ME / 4 ME / 146 ME / TIROLO / ME-AV / NIGHTSH
636;via Cavour 1 - Cavour Str. 1;11.1660811111111;46.6680286111111;0;1 ME / 3 ME / TIROLO / ME-AV / NIGHTSH
637;via Cavour 2 - Cavour Str. 2;11.1685611111111;46.6690552777778;0;1 ME / 3 ME / NIGHTSH
638;via Cavour 2 - Cavour Str. 2;11.1685630555556;46.6690966666667;0;1 ME / 3 ME / 146 ME / NIGHTSH
640;via Cavour 3 - Cavour Str. 3;11.1703983333333;46.6694322222222;0;1 ME / 3 ME / ME-AV / NIGHTSH
641;via Cavour 3 - Cavour Str. 3;11.1705441666667;46.669465;0;1 ME / 3 ME / 146 ME / ME-AV / NIGHTSH
642;via Cavour 4 - Cavour Str. 4;11.171945;46.6690497222222;0;1 ME / 3 ME / NIGHTSH
643;via Cavour 4 - Cavour Str. 4;11.1719511111111;46.6690894444444;0;1 ME / 3 ME / 146 ME / NIGHTSH
644;piazza Fontana - Brunnenplatz;11.1740463888889;46.6693686111111;0;1 ME / 3 ME / ME-AV / NIGHTSH
645;piazza Fontana - Brunnenplatz;11.1739722222222;46.6691638888889;0;1 ME / 3 ME / 146 ME / ME-AV / NIGHTSH
647;Villa Maria - Villa Maria;11.1733030555556;46.6716588888889;0;3 ME / 146 ME
648;via Virgilio 1 - Vergil Str. 1;11.1740486111111;46.6724697222222;0;3 ME / 146 ME
649;via Virgilio 2 - Vergil Str. 2 NON ESISTE PIU;11.1749519444444;46.6729052777778;0;146 ME
650;via Virgilio 2 - Vergil Str. 2;11.1763630555556;46.67523;0;3 ME / 146 ME
651;via Scena 1 - Schennastr. 1;11.1771044444444;46.6698961111111;0;1 ME / NIGHTSH
652;via Scena 2 - Schennastr. 2;11.1797008333333;46.6690561111111;0;1 ME / NIGHTSH
653;via Scena 2 - Schennastr. 2;11.1813616666667;46.6688613888889;0;1 ME / 146 ME / NIGHTSH
654;via Scena 3 - Schennastr. 3;11.1844088888889;46.6688122222222;0;1 ME / 146 ME / ME-AV / NIGHTSH
655;ponte Rametz - Rametz Bruecke;11.1854083333333;46.6689925;0;1 ME / ME-AV / NIGHTSH
658;via Val di Nova 1 - Naifweg 1;11.1905036111111;46.6713705555556;0;1 ME / ME-AV / NIGHTSH
659;via Val di Nova 1 - Naifweg 1;11.1918019444444;46.6714161111111;0;1 ME / ME-AV / NIGHTSH
660;via Val di Nova 2 - Naifweg 2;11.1947238888889;46.6717644444444;0;1 ME / NIGHTSH
661;via Val di Nova 2 - Naifweg 2;11.1956075;46.6715688888889;0;1 ME / NIGHTSH
662;via Val di Nova 3 - Naifweg 3;11.2004841666667;46.6714033333333;0;1 ME / ME-AV / NIGHTSH
663;via Val di Nova 3 - Naifweg 3;11.2013194444444;46.6716666666667;0;1 ME / ME-AV / NIGHTSH
664;Funivia Merano 2000-Seilbahn Meran 2000;11.2093258333333;46.671005;0;1 ME
666;via Labers 1 - Laberserstr. 1;11.2042088888889;46.6670244444444;0;ME-AV / NIGHTSH
667;via Labers 1 - Laberserstr. 1;11.2042961111111;46.6661680555556;0;ME-AV / NIGHTSH
668;Santa Caterina - St. Kathrein;11.2110352777778;46.6455719444444;0;ME-AV / NIGHTSH
669;Santa Caterina - St. Kathrein;11.2112966666667;46.6456819444444;0;ME-AV / NIGHTSH
671;Avelengo - Hafling ;11.2253480555556;46.6445463888889;0;ME-AV / NIGHTSH
672;Parcheggio Nusser - Parkpl. Nussser;11.2178252777778;46.6493236111111;0;ME-AV
673;Parcheggio Nusser - Parkpl. Nussser;11.2171494444444;46.6502836111111;0;ME-AV
674;Moar Wiese - Moar Wiese;11.2194327777778;46.6534605555556;0;ME-AV
675;Moar Wiese - Moar Wiese;11.2197369444444;46.6538194444444;0;ME-AV
676;Avelengo di Sopra - Hafling Oberdorf;11.2217466666667;46.6567819444444;0;ME-AV
677;Avelengo di Sopra - Hafling Oberdorf;11.2227738888889;46.6571130555556;0;ME-AV
678;Falzeben 1 - Falzeben 1;11.2230469444444;46.6590441666667;0;ME-AV
679;Falzeben 1 - Falzeben 1;11.2233991666667;46.659105;0;ME-AV
680;Falzeben 2 - Falzeben 2;11.2285569444444;46.657365;0;ME-AV
681;Falzeben 2 - Falzeben 2;11.2286336111111;46.6575205555556;0;ME-AV
682;Falzeben 3 - Falzeben 3;11.2329933333333;46.6614005555556;0;ME-AV
683;Falzeben 3 - Falzeben 3;11.2328986111111;46.6614691666667;0;ME-AV
684;Merano 2000 - Meran 2000;11.24049;46.6653430555556;0;ME-AV
686;via Val di Nova 5 - Naifweg 5;11.18517;46.6568422222222;0;4 ME
687;via Castel Gatto 2 - Katzensteinstr. 2;11.1842983333333;46.6548727777778;0;4 ME
688;via Castel Gatto 1 - Katzensteinstr. 1;11.1829605555556;46.6574663888889;0;4 ME
689;Sinigo 9 - Sinich 9;11.1866208333333;46.6222452777778;0;2 ME
690;Sinigo 8 - Sinich 8;11.1853658333333;46.6241472222222;0;2 ME
691;Sinigo 7 - Sinich 7;11.1803161111111;46.6300627777778;0;2 ME
692;Sinigo 7 - Sinich 7;11.1806455555556;46.6294636111111;0;2 ME / NIGHTSH
693;Sinigo 6 - Sinich 6;11.1775016666667;46.6340561111111;0;BZ-ME / 2 ME
694;Sinigo 6 - Sinich 6;11.1774591666667;46.6341544444444;0;BZ-ME / 2 ME / NIGHTSH
695;Sinigo 5 - Sinich 5;11.1760016666667;46.6369397222222;0;BZ-ME / 2 ME
696;Sinigo 5 - Sinich 5;11.1756677777778;46.6375161111111;0;BZ-ME / 2 ME / NIGHTSH
697;Sinigo 4 - Sinich 4;11.1770227777778;46.6408172222222;0;2 ME
698;Sinigo 4 - Sinich 4;11.1769333333333;46.6407263888889;0;2 ME / NIGHTSH
699;Sinigo 2 - Sinich 2;11.1798125;46.6452397222222;0;2 ME
700;Sinigo 2 - Sinich 2;11.1797697222222;46.6452302777778;0;2 ME
701;Sinigo 1 - Sinich 1;11.1777797222222;46.6473644444444;0;2 ME
702;Sinigo 1 - Sinich 1;11.1782652777778;46.6471019444444;0;2 ME
703;via Roma 8 - Romstr. 8;11.1735225;46.6534947222222;0;2 ME
704;via Roma 8 - Romstr. 8;11.1729341666667;46.6536141666667;0;2 ME / NIGHTSH
705;via Roma 7 - Romstr. 7;11.1691611111111;46.65588;0;2 ME / NIGHTSH
706;via Roma 7 - Romstr. 7;11.1682844444444;46.6566227777778;0;2 ME
707;via Roma 6 - Romstr. 6;11.1671230555556;46.6576466666667;0;BZ-ME / 2 ME
708;via Roma 6 - Romstr. 6;11.1667022222222;46.6579338888889;0;BZ-ME / 2 ME / NIGHTSH
709;via Roma 5 - Romstr. 5;11.1653930555556;46.6602897222222;0;2 ME
710;via Roma 5 - Romstr. 5;11.1653647222222;46.6602494444444;0;2 ME / NIGHTSH
711;via Roma 4 - Romstr. 4;11.1639816666667;46.6620241666667;0;2 ME
712;via Roma 3 - Romstr. 3;11.1625169444444;46.6630916666667;0;BZ-ME / 2 ME
713;via Roma 3 - Romstr. 3;11.1621625;46.6633755555556;0;BZ-ME / 2 ME / NIGHTSH
714;via Roma 2 - Romstr. 2;11.1614325;46.6645263888889;0;2 ME
715;via Roma 2 - Romstr. 2;11.1610711111111;46.6649238888889;0;2 ME
718;via Roma 1 - Romstr. 1;11.1632191666667;46.6682572222222;0;2 ME
719;via Petrarca - Petrarca Str.;11.1596402777778;46.6663744444444;0;2 ME
720;Bivio Tirolo - Abzweigung Tirol;11.1671797222222;46.6818730555556;0;TIROLO / VERNURIO
721;Bivio Tirolo - Abzweigung Tirol;11.1671655555556;46.6820886111111;0;TIROLO / ZEN-FIN / VERNURIO
722;Stemmerhof - Stemmerhof;11.1702772222222;46.6756830555556;0;TIROLO / ZEN-FIN / VERNURIO
723;Stemmerhof - Stemmerhof;11.1701347222222;46.6760263888889;0;TIROLO / VERNURIO
724;Perlhof - Perlhof;11.1672433333333;46.6791052777778;0;TIROLO / VERNURIO
725;via Monte Benedetto - Segenbuehlweg;11.16132;46.6831047222222;0;TIROLO / VERNURIO
726;via Monte Benedetto - Segenbuehlweg;11.1612994444444;46.6830319444444;0;TIROLO / ZEN-FIN / VERNURIO
727;Minigolf;11.15862;46.6861725;0;TIROLO / CROCE T / VERNURIO
728;Minigolf;11.1587025;46.68601;0;TIROLO / CROCE T / ZEN-FIN / VERNURIO
729;Tirolo Paese 2 - Dorf Tirol 2;11.1569305555556;46.6874661111111;0;TIROLO / CROCE T / ZEN-FIN / VERNURIO
730;Tirolo Paese 1 - Dorf Tirol 1;11.155475;46.6898694444444;0;TIROLO / CROCE T / ZEN-FIN / VERNURIO
731;Tirolo Croce - Tiroler Kreuz;11.1579333333333;46.7022394444444;0;CROCE T
732;via Aslago 4 - Haslachstr. 4;11.15419;46.7002530555556;0;CROCE T
733;via Aslago 3 - Haslachstr. 3;11.15245;46.6977841666667;0;CROCE T
734;Funivia Muta - Seilbahn Hochmut;11.1527436111111;46.6965341666667;0;CROCE T
735;via Aslago 2 - Haslachstr. 2;11.1543316666667;46.6948113888889;0;CROCE T
736;via Aslago 1 - Haslachstr. 1;11.1546961111111;46.6916752777778;0;CROCE T
737;via Aslago 1 - Haslachstr. 1;11.1543777777778;46.6915952777778;0;CROCE T
738;Tirolo Paese 1 - Dorf Tirol 1;11.1553175;46.6896258333333;0;CROCE T
739;via Benedetto 2 - Segenbuehlweg 2;11.1613116666667;46.6827113888889;0;CROCE T
740;Monte S.Benedetto - Segenbuehl;11.1647905555556;46.6783966666667;0;CROCE T
741;via Scena 3 - Schennastr. 3;11.1834341666667;46.6688394444444;0;1 ME / NIGHTSH
742;via Laurin 1 - Laurin Str. 1;11.1486513888889;46.6756452777778;0;3 ME / 6 ME / 146 ME / 12 ME / 14 ME
743;via Laurin 1 - Laurin Str. 1;11.1486086111111;46.6760580555556;0;2 ME / 3 ME
744;via Mainardo - Mainhard Str.;11.1498286111111;46.6744205555556;0;2 ME / 3 ME
745;Giardino Botanico - Trauttmansdorff;11.1844258333333;46.6622711111111;0;1 ME
746;via Val di Nova 4 - Naifweg 4;11.18482;46.6571411111111;0;1 ME
748;Giardino Botanico - Trauttmansdorff;11.1836672222222;46.6612238888889;0;4 ME / 146 ME
753;via Schaffer 2 - Schafferstr. 2;11.1704883333333;46.6657752777778;0;4 ME / 146 ME
754;via Dante 1 - Dante Str. 1;11.1741494444444;46.6673869444444;0;4 ME / 146 ME
755;via Dante 2 - Dante Str. 2;11.1772655555556;46.6646555555556;0;4 ME / 146 ME
756;via Dante 3 - Dante Str. 3;11.1779027777778;46.6634816666667;0;4 ME / 146 ME
758;Sinigo Zona Artig. - Sinich HW Zone;11.1774086111111;46.6315977777778;0;2 ME
759;Sinigo Zona Artig. - Sinich HW Zone;11.1773527777778;46.6317566666667;0;2 ME / 14 ME
760;Bivio Kravogl - Kravogl Kreuzung;11.1774494444444;46.6334605555556;0;2 ME / 14 ME
762;via Scuderie 1 - Rennstallweg 1;11.1499408333333;46.6554263888889;0;12 ME
763;via Scuderie 1 - Rennstallweg 1;11.1499838888889;46.655315;0;12 ME
764;via Scuderie 2 - Rennstallweg 2;11.1536266666667;46.6528705555556;0;12 ME
765;via Scuderie 2 - Rennstallweg 2;11.1541141666667;46.6527219444444;0;12 ME
766;via Scuderie 3 - Rennstallweg 3;11.1585155555556;46.6519127777778;0;12 ME
768;via Scuderie 3 - Rennstallweg 3;11.1580122222222;46.6520358333333;0;12 ME
769;via Max Valier 2 - Max Valier Str. 2;11.1614011111111;46.6521727777778;0;12 ME
770;via Max Valier 2 - Max Valier Str. 2;11.1609777777778;46.6518219444444;0;12 ME
771;via Max Valier 1 - Max Valier Str. 1;11.1614761111111;46.6542358333333;0;12 ME
772;via Max Valier 1 - Max Valier Str. 1;11.1616219444444;46.6546375;0;12 ME
773;Sinigo 3 - Sinich 3;11.1786102777778;46.6431811111111;0;2 ME
775;Postal 1 - Burgstall 1;11.1875772222222;46.6193319444444;0;BZ-ME / 2 ME
776;Postal 1 - Burgstall 1;11.1879219444444;46.6184036111111;0;BZ-ME / 2 ME / NIGHTSH
777;Postal 2 - Burgstall 2;11.1902455555556;46.6130405555556;0;BZ-ME / 2 ME / NIGHTSH
778;Postal 2 - Burgstall 2;11.1907591666667;46.6127169444444;0;BZ-ME / 2 ME
779;Postal 3 - Burgstall 3;11.1921297222222;46.6101580555556;0;2 ME
780;Postal 3 - Burgstall 3;11.1922322222222;46.6100930555556;0;2 ME
794;via Cadorna 1 - Cadorna Str. 1;11.1600702777778;46.6596766666667;0;12 ME
795;via Cadorna 1 - Cadorna Str. 1;11.1603175;46.6599872222222;0;12 ME
796;via Cadorna 2 - Cadorna Str. 2;11.1620072222222;46.6575575;0;12 ME
797;via Cadorna 2 - Cadorna Str. 2;11.1618694444444;46.6568036111111;0;12 ME
798;Sinigo 8 - Sinich 8;11.1849119444444;46.6244030555556;0;2 ME / NIGHTSH
799;via Roma 4 - Romstr. 4;11.1640872222222;46.6618911111111;0;2 ME / NIGHTSH
800;Maia Bassa stazione - Untermais Bahnhof;11.1488358333333;46.6562605555556;0;12 ME
801;Maia Bassa stazione - Untermais Bahnhof;11.1477536111111;46.6567502777778;0;BZ-ME / 12 ME
802;via Piave 2 - Piavestr. 2;11.1585869444444;46.666225;0;11 ME / 12 ME / 14 ME
803;via Piave 2 - Piavestr. 2;11.1585225;46.6661663888889;0;6 ME / 146 ME / 11 ME / 12 ME
804;via Scena 1 - Schennastr. 1;11.1767394444444;46.6701975;0;1 ME / 146 ME / NIGHTSH
805;via Virgilio 1 - Vergil Str. 1;11.17385;46.6722663888889;0;3 ME / 146 ME
806;via Zuegg 2 - Zueggstr. 2;11.1480708333333;46.6640663888889;0;6 ME / 146 ME
807;via Laurin 2 - Laurin Str. 2;11.1478288888889;46.6784955555556;0;2 ME / 3 ME / 11 ME
808;via Schaffer 1 - Schafferstr. 1;11.1681461111111;46.6647705555556;0;4 ME / 146 ME
809;via Monte Cervina - Hirzerstr.;11.1626908333333;46.6102141666667;0;11 ME
810;via Bolzano 2 - Boznerstr. 2;11.1669263888889;46.6101486111111;0;BZ-ME / 11 ME / CITY LA
811;via Bolzano 1 - Boznerstr. 1;11.1617680555556;46.6123419444444;0;11 ME / CITY LA
812;piazza Tribus - Tribusplatz;11.1573577777778;46.6133761111111;0;BZ-ME / 11 ME / CITY LA
815;Lana zona Ind. 1 - Lana Industriezone 1;11.1719716666667;46.6293794444444;0;14 ME
817;Lana zona Ind. 2 - Lana Industriezone 2;11.16931;46.6305008333333;0;14 ME
818;Lana zona Ind. 3 - Lana Industriezone 3;11.1663030555556;46.6299291666667;0;14 ME
819;via Weingartner 2 - Weingartnerstr. 2;11.1309669444444;46.6794477777778;0;11 ME / 12 ME / 13 ME / NIGHTSH
820;via Weingartner 2 - Weingartnerstr. 2;11.1305675;46.6794613888889;0;11 ME / 12 ME / 13 ME
821;via Benedetto 2 - Segenbuehlweg 2;11.1612458333333;46.6828236111111;0;CROCE T
822;Perlhof - Perlhof;11.1672175;46.6790727777778;0;TIROLO / ZEN-FIN / VERNURIO
823;Bivio Falzeben - Abzw. Falzeben;11.2189175;46.6484527777778;0;ME-AV / NIGHTSH
824;via Marlengo 3 - Marlingerstr. 3;11.1481733333333;46.6666752777778;0;6 ME
825;via Merano 1 - Meranerstr. 1;11.1437222222222;46.6212158333333;0;11 ME / 14 ME / NIGHTSH
826;via Merano 1 - Meranerstr. 1;11.1434711111111;46.6210397222222;0;11 ME / 14 ME / CITY LA
840;Sinigo via Nazionale - Sinich Reichsstr.;11.1772486111111;46.6454997222222;0;BZ-ME / NIGHTSH
841;Sinigo via Nazionale - Sinich Reichsstr.;11.1773194444444;46.6457497222222;0;BZ-ME
845;via Cappuccini - Kapuzinerstr.;11.1460475;46.6152175;0;CITY LA
846;via Cappuccini - Kapuzinerstr.;11.1462347222222;46.6151113888889;0;CITY LA
849;Sinigo 9 - Sinich 9;11.1862066666667;46.6223383333333;0;2 ME / NIGHTSH
850;Nalles Cantina - Nals Kellerei;11.2044644444444;46.5391502777778;0;NALLES
851;via Merano - Meranerstr.;11.3049905555556;46.4973513888889;0;8 BZ / 10A BZ
852;Costa - Seit;11.3404827777778;46.4432180555556;0;2 BZ / 4 BZ
853;Pineta Nuova - Steinmannwald Neu;11.34399;46.4425208333333;0;2 BZ / 4 BZ / INT_LAIV
854;via Druso 11 - Drusus Str. 11;11.3114925;46.4939672222222;0;BZ-ME / 8 BZ / 9 BZ / 10B BZ / NALLES
855;via Druso 11 - Drusus Str. 11;11.3114822222222;46.4938736111111;0;BZ-ME / 8 BZ / 9 BZ / 10A BZ / NALLES
858;via Schwanburg - Schwanburgerstr.;11.2042322222222;46.5411730555556;0;NALLES
859;via Schwanburg - Schwanburgerstr.;11.2042691666667;46.5411325;0;NALLES
860;Nalles parcheggio pompieri - Nals Feuerwehr Parkplatz;11.2062011111111;46.5433727777778;0;248 BZ / NALLES
861;via G. di Vittorio - G. di Vittorio Str.;11.3301013888889;46.4744297222222;0;6 BZ
862;via Braille/staz. Bz Sud - Braille Str./Bhf Bz S;11.3282372222222;46.4729980555556;0;6 BZ
863;via Lancia 2 - Lanciastr. 2;11.3345227777778;46.47986;0;4 BZ / 6 BZ
864;via Lancia 1 - Lanciastr. 1;11.3362488888889;46.4829719444444;0;4 BZ / 6 BZ
865;via Lancia 1 - Lanciastr. 1;11.3359727777778;46.4829827777778;0;4 BZ / 6 BZ
866;Marlengo Paese 3 - Marling Dorf 3;11.1402305555556;46.6620180555556;0;12 ME / NIGHTSH
867;Pineta Rotwand - Steinmannwald Rotwand;11.3485108333333;46.4439841666667;0;INT_LAIV
869;via Milano 4 - Mailand Str. 4;11.3175233333333;46.4896794444444;0;5 BZ
870;Lana zona Ind.1 - Lana Industriezone 1;11.1719311111111;46.6293555555556;0;14 ME
871;Lana zona Ind.3 - Lana Industriezone 3;11.1662958333333;46.6296941666667;0;14 ME
872;Lana zona Ind.2 - Lana Industriezone 2;11.1692969444444;46.6304575;0;14 ME
873;Bronzolo 2 - Branzoll 2;11.3204336111111;46.4056694444444;0;VAD_LAIV
874;Bronzolo F.S. - Branzoll Bhf;11.3163844444444;46.4049769444444;0;VAD_LAIV
875;ponte Vadena - Pfattner Bruecke;11.3153397222222;46.4138836111111;0;VAD_LAIV
876;via Sottomonte - Unterbergstr.;11.34361;46.4281369444444;0;VAD_LAIV
877;Laives via Dante - Leifers Dante Str.;11.3407825;46.42577;0;VAD_LAIV
878;Laives via Dante - Leifers Dante Str.;11.3407194444444;46.4257141666667;0;VAD_LAIV
879;via Sottomonte - Unterbergstr.;11.34363;46.4281213888889;0;VAD_LAIV
880;Pineta Nuova - Steinmannwald Neu;11.3437777777778;46.4423966666667;0;2 BZ / 4 BZ / INT_LAIV
881;Masetta - Wachsbleiche;11.3056855555556;46.4186902777778;0;VAD_LAIV
882;Vadena Mover - Pfatten Mover;11.3066691666667;46.4229763888889;0;VAD_LAIV
883;Masetta - Wachsbleiche;11.30566;46.4188425;0;VAD_LAIV
884;stadio Europa - Stadium Europa;11.3149741666667;46.4927266666667;0;2 BZ / 6 BZ / 9 BZ / 10A BZ
885;stadio Europa - Stadium Europa;11.3150086111111;46.4928825;0;9 BZ / 10B BZ
887;via Manzoni 2 - Manzoni Str. 2;11.1527663888889;46.6683408333333;0;6 ME / 146 ME
889;via Mainardo - Mainhard Str.;11.1499747222222;46.6744375;0;3 ME
890;Avlengo zona art. - Hafling Handwerkerz.;11.2313794444444;46.6378291666667;0;ME-AV / NIGHTSH
891;Avlengo zona art. - Hafling Handwerkerz.;11.2312183333333;46.6382597222222;0;ME-AV / NIGHTSH
892;via Aica 1 - Aichweg 1;11.1677872222222;46.6916633333333;0;ZEN-FIN
894;via Sant'Anna - Sankt Anna Str.;11.1593330555556;46.607265;0;CITY LA
895;via Raffain - Raffeingasse;11.1417597222222;46.6224683333333;0;CITY LA
896;Villener Weg - via Villa;11.1440988888889;46.6237430555556;0;CITY LA
897;Foiana 3 - Voellan 3;11.1474186111111;46.5956394444444;0;14 ME / CITY LA
898;via Lorenzer - Lorenzerweg;11.1487372222222;46.6174580555556;0;14 ME
899;Marlengo 4 - Marling 4;11.1470347222222;46.6445725;0;11 ME
900;Marlengo 4 - Marling 4;11.1468986111111;46.6446033333333;0;11 ME
901;Funivia Merano 2000-Seilbahn Meran 2000;11.20916;46.6714794444444;0;ME-AV / NIGHTSH
902;Funivia Merano 2000-Seilbahn Meran 2000;11.2091286111111;46.671555;0;ME-AV / NIGHTSH
903;Pineta Rotw. 2 - Steinmannwald Rotw. 2;11.3476169444444;46.4438211111111;0;INT_LAIV
904;Rotonda Pineta - Kreisvk. Steinmannwald;11.34669;46.4355525;0;2 BZ / 4 BZ
905;Bronzolo 3 - Branzoll 3;11.3187488888889;46.4030636111111;0;VAD_LAIV
906;Postal via Prantl - Burgstall Prantlweg;11.1961016666667;46.6049997222222;0;BZ-ME / CITY LA / NIGHTSH
907;Postal via Prantl - Burgstall Prantlweg;11.195735;46.6051447222222;0;BZ-ME / CITY LA / NIGHTSH
908;via della Chiesa 1 - Kirchweg 1;11.1504969444444;46.6120872222222;0;CITY LA
909;via della Chiesa 1 - Kirchweg 1;11.1505455555556;46.6119688888889;0;CITY LA
910;Vernurio (Gnealer) - Vernuer (Gnealer);11.1861175;46.7177772222222;0;VERNURIO
911;Vernurio (Hochegger) - Vernuer (Hochegger);11.1879483333333;46.7250983333333;0;VERNURIO
912;Vernurio (Hochegger) - Vernuer (Hochegger);11.1879341666667;46.7250125;0;VERNURIO
913;Vernurio (Brunner) - Vernuer (Brunner);11.1806397222222;46.7242041666667;0;VERNURIO
914;Vernurio (Gnealer) - Vernuer (Gnealer);11.1862419444444;46.7175430555556;0;VERNURIO
915;Nalles via Vilpiano - Nals Vilpianstr.;11.2101775;46.5491741666667;0;248 BZ / NALLES
916;Nalles via Vilpiano - Nals Vilpianstr.;11.2100266666667;46.5491313888889;0;248 BZ / NALLES
918;via della Chiesa 2 - Kirchweg 2;11.1526725;46.6111119444444;0;CITY LA
919;Bivio Kuenserhof - Abzw. Kuenserhof;11.1744591666667;46.6957827777778;0;VERNURIO
940;via Monte Cervinia - Hirzerstr.;11.1626322222222;46.6102641666667;0;11 ME
941;via S. Valentino - St. Valentin Str.;11.1842519444444;46.664585;0;1 ME
942;Sant' Anna - Sankt Anna;11.1598152777778;46.6075213888889;0;11 ME
943;via Laend - Laendgasse;11.1427644444444;46.6169086111111;0;14 ME / CITY LA
944;via Pietralba Ipes - Weissensteinerstr. Ipes ;11.3423483333333;46.4241352777778;0;VAD_LAIV
945;via Hofer 1 - Hofer Str. 1;11.3380891666667;46.4294269444444;0;VAD_LAIV
946;via Galizia 2 - Galizien Str. 2;11.3404661111111;46.4296902777778;0;VAD_LAIV
947;via Marconi 3 - Marconi Str. 3;11.3296844444444;46.4222486111111;0;INT_LAIV / VAD_LAIV
948;via Marconi 2 - Marconi Str. 2;11.3322897222222;46.4249266666667;0;INT_LAIV / VAD_LAIV
949;via Marconi 1 - Marconi Str. 1;11.33417;46.4271366666667;0;INT_LAIV / VAD_LAIV
951;Vadena Comune - Pfatten Gemeinde;11.3046377777778;46.4131580555556;0;VAD_LAIV
970;Gargazzone Berghuetten - Gargazon Berghuetten;11.2130872222222;46.5769430555556;0;NIGHTSH
971;Cermes 5 - Tscherms 5;11.1477016666667;46.6255391666667;0;11 ME / NIGHTSH
972;Cermes 5 - Tscherms 5;11.1477516666667;46.6251891666667;0;11 ME
977;via S. Valentino 1 - St. Valentin Str. 1;11.1826511111111;46.6603727777778;0;4 ME / 146 ME
1000;Bolzano Autostazione - Bozen AutBhf;11.3562763888889;46.4960627777778;0;BZ-ME / NALLES
1090;via Pacinotti 1 - Pacinotti Str. 1;11.3320627777778;46.4840544444444;0;6 BZ
1091;via Volta 3 - Volta Str. 3;11.3302066666667;46.4797905555556;0;2 BZ
1092;Cimitero 1 - Friedhof 1;11.3373980555556;46.4754875;0;2 BZ / 10B BZ
1093;Cimitero 1 - Friedhof 1;11.3375838888889;46.4757333333333;0;2 BZ / 10A BZ
1094;via Maso della Pieve 2 - Pfarrhof Str. 2;11.334415;46.4678536111111;0;2 BZ / 10B BZ
1095;via Maso della Pieve 2 - Pfarrhof Str. 2;11.3343941666667;46.4675525;0;2 BZ / 10A BZ
1096;via S. Giacomo 1 - St. Jakob Str. 1;11.3332655555556;46.4628552777778;0;2 BZ / 4 BZ
1097;via S. Giacomo 1 - St. Jakob Str. 1;11.3334683333333;46.4624786111111;0;2 BZ / 4 BZ
1098;via S. Giacomo 3 - St. Jakob Str. 3;11.3329444444444;46.4605591666667;0;2 BZ / 4 BZ
1099;via S. Giacomo 3 - St. Jakob Str. 3;11.3331755555556;46.4607147222222;0;2 BZ / 4 BZ
1100;via S. Giacomo 5 - St. Jakob Str. 5;11.3355202777778;46.4525244444444;0;2 BZ / 4 BZ
1101;via S. Giacomo 5 - St. Jakob Str. 5;11.3355061111111;46.4528366666667;0;2 BZ / 4 BZ
1102;Pineta - Steinmannwald;11.3449213888889;46.4381372222222;0;2 BZ / 4 BZ / INT_LAIV
1103;Pineta - Steinmannwald;11.3454677777778;46.4374066666667;0;2 BZ / 4 BZ / INT_LAIV
1104;via Kennedy 1 - Kennedy Str. 1;11.3441991666667;46.4295616666667;0;2 BZ / 4 BZ / INT_LAIV / VAD_LAIV
1105;via Kennedy 1 - Kennedy Str. 1;11.3430788888889;46.4291947222222;0;2 BZ / INT_LAIV / VAD_LAIV
1106;via Kennedy 2 - Kennedy Str. 2;11.3363447222222;46.4263025;0;2 BZ
1107;via Kennedy 2 - Kennedy Str. 2;11.3369327777778;46.4268005555556;0;2 BZ / 4 BZ
1108;via Kennedy 3 - Kennedy Str. 3;11.3331555555556;46.4234472222222;0;2 BZ
1109;via Kennedy 3 - Kennedy Str. 3;11.3330722222222;46.4233144444444;0;2 BZ / 4 BZ
1110;via Kennedy 4 - Kennedy Str. 4;11.3322397222222;46.4180211111111;0;2 BZ / VAD_LAIV
1111;via Kennedy 4 - Kennedy Str. 4;11.3323511111111;46.4180611111111;0;2 BZ / 4 BZ / VAD_LAIV
1116;Bronzolo SS12 Raif - Branzoll SS12 Raif;11.3219255555556;46.4029872222222;0;VAD_LAIV
1117;Bronzolo SS12 Raif - Branzoll SS12 Raif;11.3226369444444;46.4032344444444;0;2 BZ / 4 BZ
1211;Andriano Municipio - Andrian Rathaus;11.2330886111111;46.5197061111111;0;NALLES
1212;Andriano Municipio - Andrian Rathaus;11.2327419444444;46.5201102777778;0;NALLES
1213;Andriano Lido - Andrian Lido;11.2292369444444;46.5217569444444;0;NALLES
1214;Andriano Lido - Andrian Lido;11.2275719444444;46.5220969444444;0;NALLES
1215;via Andriano (Kaltbrunn) - Andrianerstr. (Kaltbrunn);11.2079533333333;46.5359066666667;0;NALLES
1216;via Andriano (Kaltbrunn) - Andrianerstr. (Kaltbrunn);11.2081552777778;46.5357336111111;0;NALLES
1217;via Andriano (Huben) - Andrianerstr. (Huben);11.2060719444444;46.5389894444444;0;NALLES
1218;via Andriano (Huben) - Andrianerstr. (Huben);11.2062533333333;46.5387733333333;0;NALLES
1219;Nalles Municipio - Nals Rathaus;11.2029283333333;46.5428594444444;0;NALLES
1220;Nalles Municipio - Nals Rathaus;11.2029655555556;46.5427277777778;0;NALLES
1221;piazza Fontana - Brunnen Platz;11.2042788888889;46.5406441666667;0;NALLES
1222;piazza Fontana - Brunnen Platz;11.2043572222222;46.5404888888889;0;NALLES
1223;Vilpiano stazione - Vilpian Bahnhof;11.2206697222222;46.5540402777778;0;248 BZ / NALLES
1236;Cardano Cimitero - Kardaun Friedhof;11.394315;46.49273;0;13 BZ
1237;Cardano Cimitero - Kardaun Friedhof;11.3946308333333;46.4927508333333;0;13 BZ
1238;Cornedo Moar - Karneid Moar;11.4072722222222;46.4890211111111;0;13 BZ
1239;Cornedo Moar - Karneid Moar;11.4070422222222;46.4890758333333;0;13 BZ
1340;via Volta 4 - Volta Str. 4;11.3269811111111;46.480315;0;10A BZ
1341;via Volta 4 - Volta Str. 4;11.3274627777778;46.4803525;0;6 BZ / 10B BZ
1342;Maso Alto - Oebersthoefe;11.1741477777778;46.7259608333333;0;VERNURIO
1343;Bivio Gaveis/Maso Alto - Abzw. Gfeis/Oebersthoefe;11.1730069444444;46.7207480555556;0;VERNURIO
1344;Bivio Gaveis/Maso Alto - Abzw. Gfeis/Oebersthoefe;11.1730130555556;46.7206072222222;0;VERNURIO
1345;via Caines (Sonngarten) - Kuenserstr. (Sonngarten);11.1647294444444;46.7031055555556;0;VERNURIO
1347;Castel Cornedo - Schloss Karneid;11.4014869444444;46.489655;0;13 BZ
1348;Vilpiano Campeggio - Vilpian Campingpl.;11.2215858333333;46.5679719444444;0;BZ-ME
1349;Vilpiano Campeggio - Vilpian Campingpl.;11.2217625;46.5677722222222;0;BZ-ME
1351;Nalles, Giessen - Nals, Giessen;11.2132230555556;46.5528980555556;0;NALLES
1352;Nalles, Giessen - Nals, Giessen;11.2134977777778;46.5526511111111;0;NALLES
1364;Distretto Sanitario - Sozialsprengel;11.3917058333333;46.4944630555556;0;13 BZ
1489;Acquaviva - Ackpfeil;11.1600177777778;46.5876619444444;0;248 BZ
1833;Gragazzone Comune - Gargazon Gemeinde;11.2017008333333;46.5848483333333;0;CITY LA
1834;via del Sole - Sonnenstr.;11.2383080555556;46.5206836111111;0;NALLES
1891;via Weingartner usc. MeBo-Weingartnerstr. Ausf. MeBo;11.1231980555556;46.6790036111111;0;12 ME
1892;via Weingartner usc. MeBo-Weingartnerstr. Ausf. MeBo;11.1247522222222;46.6790611111111;0;11 ME / 12 ME
1909;via Milano 3A - Mailandstr. 3A;11.3236477777778;46.4905469444444;0;16 BZ
1910;via Milano 3A - Mailandstr. 3A;11.3240775;46.4904522222222;0;16 BZ
1964;via Siemens 3 - Siemens Str. 3;11.3271772222222;46.4814002777778;0;6 BZ
1972;Tel Stazione - Toell Bahnhof;11.0818447222222;46.6730208333333;0;13 ME
2006;Steurerweg - Steurerweg;11.2812111111111;46.5082594444444;0;BZ-ME / NALLES
2007;Steurerweg - Steurerweg;11.2808747222222;46.5082358333333;0;BZ-ME / NALLES
2008;Stroblwiese 2 - Stroblwiese 2;11.4077619444444;46.4833463888889;0;13 BZ
2039;Monte S.Benedetto Seggiovia - Segenbuehl Sessellift;11.1644936111111;46.6764588888889;0;CROCE T
2040;Chiesa San Ruprecht - St. Ruprechtskirche;11.1604977777778;46.6885311111111;0;ZEN-FIN
5000;via Milano 4 - Mailand Str. 4;11.3183808333333;46.4898913888889;0;5 BZ / 16 BZ
5001;via Gutenberg - Gutenberg Str.;11.3206630555556;46.49132;0;5 BZ
5002;via Gutenberg - Gutenberg Str.;11.3206725;46.4915327777778;0;5 BZ / 153 BZ
5003;viale Europa 4 - Europa Allee 4;11.3228694444444;46.4923819444444;0;5 BZ
5004;viale Europa 4 - Europa Allee 4;11.3226419444444;46.4924966666667;0;5 BZ / 153 BZ
5005;viale Europa 3 - Europa Allee 3;11.3271480555556;46.4929913888889;0;5 BZ / 6 BZ / 9 BZ / 16 BZ
5006;viale Europa 3 - Europa Allee 3;11.3267486111111;46.4930861111111;0;5 BZ / 6 BZ / 9 BZ / 16 BZ / 153 BZ
5007;viale Europa 2 - Europa Allee 2;11.3292519444444;46.4925288888889;0;5 BZ
5008;viale Europa 2 - Europa Allee 2;11.3290202777778;46.4925680555556;0;5 BZ / 153 BZ
5009;viale Europa 1 - Europa Allee 1;11.3319530555556;46.4923875;0;153 BZ
5010;via Palermo 1 - Palermo Str. 1;11.3327355555556;46.4931408333333;0;5 BZ
5011;via Palermo 1 - Palermo Str. 1;11.3327094444444;46.4940552777778;0;5 BZ
5012;via Roen 2 - Roen Str. 2;11.3336047222222;46.4962569444444;0;5 BZ
5013;via Roen 2 - Roen Str. 2;11.3332677777778;46.4961597222222;0;5 BZ
5014;via Roen 1 - Roen Str. 1;11.3360819444444;46.49743;0;5 BZ
5015;via Roen 1 - Roen Str. 1;11.3362513888889;46.49756;0;5 BZ
5017;piazza Tribunale - Gerichtsplatz;11.3400013888889;46.4979288888889;0;2 BZ / 3 BZ / 4 BZ / 7B BZ / 8 BZ / 153 BZ
5018;piazza Tribunale - Gerichtsplatz;11.3399630555556;46.4974952777778;0;2 BZ / 3 BZ / 4 BZ / 7A BZ / 8 BZ / 153 BZ
5019;via Battisti - Battisti Str.;11.3408419444444;46.5004447222222;0;2 BZ / 3 BZ / 4 BZ / 7B BZ / 8 BZ / 153 BZ
5020;via Battisti - Battisti Str.;11.3401083333333;46.5005230555556;0;2 BZ / 3 BZ / 4 BZ / 7A BZ / 8 BZ
5021;piazza Vittoria 1 - Siegesplatz 1;11.3449186111111;46.5001988888889;0;2 BZ / 3 BZ / 4 BZ / 7B BZ / 8 BZ / 153 BZ
5022;piazza Vittoria 1 - Siegesplatz 1;11.3440775;46.5002955555556;0;2 BZ / 3 BZ / 4 BZ / 7A BZ / 8 BZ
5023;via Rosmini - Rosmini Str.;11.3478536111111;46.4997986111111;0;1 BZ / 2 BZ / 3 BZ / 4 BZ / 5 BZ / 7B BZ / 8 BZ / 10B BZ / 12 BZ / 14 BZ / 153 BZ
5025;piazza Universita- Universit;11.3508238888889;46.4989916666667;0;1 BZ / 2 BZ / 3 BZ / 4 BZ / 5 BZ / 7A BZ / 8 BZ / 10A BZ / 14 BZ / 153 BZ
5026;piazza Domenicani - Dominikaner Platz;11.3519238888889;46.4977783333333;0;BZ-ME / 1 BZ / 2 BZ / 3 BZ / 4 BZ / 5 BZ / 7B BZ / 8 BZ / 10B BZ / 12 BZ / 14 BZ / 153 BZ / NALLES
5027;piazza Domenicani - Dominikaner Platz;11.3516688888889;46.4978480555556;0;BZ-ME / 1 BZ / 2 BZ / 3 BZ / 4 BZ / 5 BZ / 7A BZ / 8 BZ / 10A BZ / 14 BZ / 153 BZ / NALLES
5028;piazza Walther - Walther Platz;11.3544480555556;46.4978552777778;0;1 BZ / 2 BZ / 3 BZ / 4 BZ / 5 BZ / 7B BZ / 8 BZ / 10B BZ / 12 BZ / 14 BZ / 153 BZ
5029;piazza Walther - Walther Platz;11.3541977777778;46.4979383333333;0;1 BZ / 2 BZ / 3 BZ / 4 BZ / 5 BZ / 7A BZ / 8 BZ / 10A BZ / 14 BZ / 153 BZ
5032;via Cassa di Risparmio - Sparkassen Str.;11.3491680555556;46.4992038888889;0;1 BZ / 2 BZ / 3 BZ / 4 BZ / 5 BZ / 7A BZ / 8 BZ / 10A BZ / 14 BZ / 153 BZ
5033;piazza Vittoria 2 - Siegesplatz 2;11.3449780555556;46.5008480555556;0;2 BZ / 3 BZ / 5 BZ / 8 BZ / 10A BZ
5034;piazza Vittoria 2 - Siegesplatz 2;11.3448525;46.5007758333333;0;2 BZ / 3 BZ / 5 BZ / 8 BZ / 10B BZ / 153 BZ
5035;corso Liberta` 1 - Freiheitsstr. 1;11.342335;46.5013763888889;0;BZ-ME / 2 BZ / 3 BZ / 5 BZ / 8 BZ / 10A BZ / NALLES
5036;corso Liberta` 1 - Freiheitsstr. 1;11.3425497222222;46.5011983333333;0;BZ-ME / 2 BZ / 3 BZ / 5 BZ / 8 BZ / 10B BZ / 153 BZ / NALLES
5037;piazza Mazzini - Mazzini Platz;11.3397788888889;46.5009580555556;0;2 BZ / 3 BZ / 5 BZ / 8 BZ / 153 BZ
5038;piazza Mazzini - Mazzini Platz;11.3399961111111;46.5011558333333;0;2 BZ / 3 BZ / 8 BZ / 153 BZ
5039;via Roma 1 - Romstr. 1;11.3407286111111;46.4935977777778;0;2 BZ / 3 BZ / 4 BZ / 7A BZ / 153 BZ
5040;via Roma 1 - Romstr. 1;11.3404280555556;46.4944983333333;0;2 BZ / 3 BZ / 4 BZ / 7B BZ / 153 BZ
5041;via Roma 2 - Romstr. 2;11.3415411111111;46.4917444444444;0;2 BZ / 4 BZ / 7A BZ
5042;via Roma 2 - Romstr. 2;11.3413988888889;46.4923305555556;0;2 BZ / 3 BZ / 4 BZ / 7B BZ / 153 BZ
5043;via Roma 4 - Romstr. 4;11.3434986111111;46.4868658333333;0;2 BZ / 4 BZ / 7A BZ
5044;via Roma 4 - Romstr. 4;11.343625;46.4869219444444;0;2 BZ / 7B BZ
5045;via C. Augusta 3 - C. Augusta Str. 3;11.3432855555556;46.4836719444444;0;2 BZ / 10B BZ
5046;via C. Augusta 3 - C. Augusta Str. 3;11.3440691666667;46.4844630555556;0;2 BZ / 10A BZ
5047;via C. Augusta 4 - C. Augusta Str. 4;11.3413183333333;46.4817405555556;0;2 BZ / 10B BZ
5048;via C. Augusta 4 - C. Augusta Str. 4;11.3413588888889;46.4816841666667;0;2 BZ / 10A BZ
5049;via C. Augusta 5 - C. Augusta Str. 5;11.3394925;46.4788502777778;0;2 BZ / 10B BZ
5050;via C. Augusta 5 - C. Augusta Str. 5;11.3393086111111;46.4785002777778;0;2 BZ / 10A BZ
5051;Cimitero 2 - Friedhof 2;11.3372738888889;46.4727519444444;0;2 BZ / 10B BZ
5052;Cimitero 2 - Friedhof 2;11.3373908333333;46.4723319444444;0;2 BZ / 10A BZ
5053;via Maso della Pieve 1 - Pfarrhof Str. 1;11.3356938888889;46.4699361111111;0;2 BZ / 10B BZ
5054;via Maso della Pieve 1 - Pfarrhof Str. 1;11.3354855555556;46.4695969444444;0;2 BZ / 10A BZ
5055;via S. Giacomo 4 - St. Jakob Str. 4;11.3337694444444;46.4587011111111;0;2 BZ / 4 BZ
5056;via S. Giacomo 4 - St. Jakob Str. 4;11.3336236111111;46.4588525;0;2 BZ / 4 BZ
5057;via S. Giacomo 6 - St. Jakob Str. 6;11.3365675;46.4488136111111;0;2 BZ / 4 BZ
5058;via S. Giacomo 6 - St. Jakob Str. 6;11.3365016666667;46.4492555555556;0;2 BZ / 4 BZ
5059;Vurza - Wurzer;11.3375302777778;46.4455219444444;0;2 BZ / 4 BZ
5060;Vurza - Wurzer;11.3372852777778;46.4464633333333;0;2 BZ / 4 BZ
5061;Costa - Seit;11.3405697222222;46.4432794444444;0;2 BZ / 4 BZ
5062;Laives ZI - Leifers IZ;11.3293588888889;46.4114938888889;0;2 BZ
5063;Bronzolo 1 - Branzoll 1;11.3282105555556;46.4096794444444;0;2 BZ / VAD_LAIV
5064;Bronzolo 2 - Branzoll 2;11.3206172222222;46.4059630555556;0;2 BZ
5065;Bronzolo 3 - Branzoll 3;11.3187422222222;46.4031752777778;0;2 BZ / 4 BZ
5066;Bronzolo 4 - Branzoll 4;11.3177877777778;46.4008183333333;0;2 BZ / 4 BZ
5067;Laives Staz. - Leifers Bhf.;11.3245102777778;46.4348338888889;0;INT_LAIV / VAD_LAIV
5068;Laives Lido - Leifers Schwimmbad;11.3290819444444;46.431345;0;INT_LAIV / VAD_LAIV
5069;Laives Lido - Leifers Schwimmbad;11.328925;46.4315969444444;0;INT_LAIV / VAD_LAIV
5070;via Marconi 1 - Marconi Str. 1;11.3341016666667;46.4271769444444;0;INT_LAIV / VAD_LAIV
5071;via Marconi 2 - Marconi Str. 2;11.3315375;46.4244658333333;0;INT_LAIV / VAD_LAIV
5073;via Sauro 1 - Sauro Str. 1;11.3333791666667;46.4215672222222;0;VAD_LAIV
5074;via Sauro 1 - Sauro Str. 1;11.3337922222222;46.4216441666667;0;VAD_LAIV
5075;via Sauro 2 - Sauro Str. 2;11.3372472222222;46.4221469444444;0;VAD_LAIV
5076;via Sauro 2 - Sauro Str. 2;11.3381758333333;46.4223691666667;0;VAD_LAIV
5081;via Galizia 1 - Galizien Str. 1;11.3400730555556;46.4286863888889;0;VAD_LAIV
5082;via Galizia 2 - Galizien Str. 2;11.3406675;46.4302572222222;0;VAD_LAIV
5083;via Hofer 1 - Hofer Str. 1;11.3381466666667;46.4295575;0;VAD_LAIV
5084;via Hofer 2 - Hofer Str. 2;11.3349558333333;46.4287005555556;0;VAD_LAIV
5085;via Pietralba Ipes - Weissensteinerstr. Ipes ;11.3419877777778;46.4244163888889;0;VAD_LAIV
5090;Cardano - Kardaun;11.391785;46.4949986111111;0;1 BZ
5091;Cardano - Kardaun;11.3916458333333;46.4951127777778;0;1 BZ
5092;via Rencio 4 - Rentschner Str. 4;11.3839872222222;46.4961011111111;0;1 BZ
5093;via Rencio 4 - Rentschner Str. 4;11.3842158333333;46.4960088888889;0;1 BZ
5094;via Rencio 3 - Rentschner Str. 3;11.3794255555556;46.4972222222222;0;1 BZ
5095;via Rencio 3 - Rentschner Str. 3;11.3796241666667;46.4971483333333;0;1 BZ
5096;via Rencio 2 - Rentschner Str. 2;11.3757775;46.4986472222222;0;1 BZ
5097;via Rencio 2 - Rentschner Str. 2;11.3764408333333;46.4983036111111;0;1 BZ
5098;via Rencio 1 - Rentschner Str. 1;11.3700952777778;46.4990883333333;0;1 BZ
5099;via Rencio 1 - Rentschner Str. 1;11.3701802777778;46.4990413888889;0;1 BZ
5100;via Brennero - Brenner Str.;11.3645313888889;46.5011747222222;0;1 BZ
5101;via Brennero - Brenner Str.;11.3655516666667;46.5010127777778;0;1 BZ
5102;Funivia del Renon - Rittner Seilbahn;11.3636202777778;46.4997580555556;0;1 BZ / 11 BZ / 13 BZ / 14 BZ
5103;Funivia del Renon - Rittner Seilbahn;11.3631536111111;46.499475;0;1 BZ / 13 BZ / 14 BZ
5104;stazione 2 - Bahnhof 2;11.3588738888889;46.49713;0;1 BZ / 8 BZ / 11 BZ / 12 BZ / 13 BZ / 14 BZ
5106;stazione 3 - Bahnhof 3;11.3570875;46.4970655555556;0;1 BZ / 2 BZ / 3 BZ / 4 BZ / 5 BZ / 6 BZ / 8 BZ / 10A BZ / 13 BZ / 14 BZ / 153 BZ
5107;stazione 3 - Bahnhof 3;11.3573077777778;46.4969816666667;0;BZ-ME / 1 BZ / 10B BZ / NALLES
5108;via Diaz 1 - Diaz Str. 1;11.3454669444444;46.5008652777778;0;1 BZ / 14 BZ / 153 BZ
5109;via Diaz 1 - Diaz Str. 1;11.3449083333333;46.50143;0;1 BZ / 12 BZ / 14 BZ
5110;via Cadorna 3 - Cadorna Str. 3;11.3465525;46.5046283333333;0;1 BZ / 14 BZ / 153 BZ
5111;via Cadorna 3 - Cadorna Str. 3;11.3465055555556;46.5046516666667;0;12 BZ
5112;via Cadorna 2 - Cadorna Str. 2;11.3472197222222;46.5070463888889;0;1 BZ / 14 BZ / 153 BZ
5113;via Cadorna 2 - Cadorna Str. 2;11.3471386111111;46.5073327777778;0;12 BZ
5114;via Cadorna 1 - Cadorna Str. 1;11.3470944444444;46.5087119444444;0;1 BZ / 14 BZ / 153 BZ
5115;via Fago 1 - Fagen Str. 1;11.3451816666667;46.5085658333333;0;1 BZ / 14 BZ / 153 BZ
5116;via Fago 2 - Fagen Str. 2;11.3411727777778;46.5076166666667;0;1 BZ / 14 BZ / 153 BZ
5117;via Fago 3 - Fagen Str. 3;11.3389052777778;46.5067583333333;0;1 BZ / 14 BZ / 153 BZ
5118;v.le Principe Eugenio - Prinz Eugen A.;11.3407436111111;46.5045897222222;0;1 BZ / 14 BZ
5119;via Diaz 2 - Diaz Str. 2;11.342905;46.5029416666667;0;1 BZ / 14 BZ
5120;piazza Dogana - Zollstange;11.3607975;46.5002102777778;0;8 BZ / 12 BZ
5122;via De Lai - De Lai Str.;11.3595175;46.4993094444444;0;8 BZ / 12 BZ
5124;via Perathoner - Perathoner Str.;11.3558830555556;46.4970369444444;0;4 BZ / 6 BZ / 7B BZ / 9 BZ / 16 BZ
5125;via Perathoner - Perathoner Str.;11.3560466666667;46.4969758333333;0;7A BZ / 11 BZ / 12 BZ / 13 BZ
5126;via Trento 1 - Trienter Str. 1;11.3524272222222;46.4929761111111;0;4 BZ / 7A BZ / 10A BZ
5127;via Trento 1 - Trienter Str. 1;11.3514630555556;46.4924811111111;0;7B BZ / 10B BZ / 14 BZ
5128;via Trento 2 - Trienter Str. 2;11.3471436111111;46.4900388888889;0;7B BZ / 10B BZ / 14 BZ
5129;via Trento 2 - Trienter Str. 2;11.3470969444444;46.4899466666667;0;4 BZ / 7A BZ / 10A BZ
5130;via C. Augusta 2 - C. Augusta Str. 2;11.3451472222222;46.4858702777778;0;4 BZ / 7A BZ / 10A BZ
5131;via C. Augusta 2 - C. Augusta Str. 2;11.3450938888889;46.4859275;0;7B BZ / 10B BZ
5132;via C. Augusta 1 - C. Augusta Str. 1;11.3460844444444;46.4875627777778;0;4 BZ / 7A BZ / 10A BZ
5133;via C. Augusta 1 - C. Augusta Str. 1;11.3457938888889;46.4872666666667;0;7B BZ / 10B BZ
5134;via S. Geltrude 1 - St. Gertraudweg 1;11.3477222222222;46.4873555555556;0;7B BZ / 7A BZ / 14 BZ
5135;via S. Geltrude 1 - St. Gertraudweg 1;11.3475461111111;46.4875263888889;0;7B BZ / 7A BZ / 14 BZ
5136;via S. Vigilio 1 - St. Vigil Str. 1;11.348535;46.4862525;0;7B BZ / 7A BZ / 14 BZ
5137;via S. Vigilio 2 - St. Vigil Str. 2;11.3472405555556;46.4839008333333;0;7B BZ / 7A BZ / 14 BZ
5138;via C. Weinegg 1 - Weinegg Str. 1;11.3473033333333;46.4822544444444;0;7B BZ / 7A BZ / 14 BZ
5139;via C. Weinegg 4 - Weinegg Str. 4;11.3493530555556;46.4821822222222;0;7B BZ / 7A BZ / 14 BZ
5140;via C. Weinegg 2 - Weinegg Str. 2;11.3462394444444;46.4813677777778;0;7B BZ / 7A BZ / 14 BZ
5141;via C. Weinegg 3 - Weinegg Str. 3;11.3437166666667;46.4805016666667;0;7B BZ / 7A BZ / 14 BZ
5142;via S. Geltrude 2 - St. Gertraudweg 2;11.34965;46.4864486111111;0;7B BZ / 7A BZ / 14 BZ
5143;via Druso 3 - Drusus Str. 3;11.3384394444444;46.4951958333333;0;BZ-ME / 2 BZ / 6 BZ / 8 BZ / 9 BZ / 16 BZ / NALLES
5144;via Druso 3 - Drusus Str. 3;11.3386869444444;46.4950625;0;BZ-ME / 6 BZ / 8 BZ / 9 BZ / 16 BZ / NALLES
5145;via Druso 5 - Drusus Str. 5;11.3314927777778;46.4951177777778;0;2 BZ / 6 BZ / 8 BZ / 9 BZ / 16 BZ
5146;via Druso 5 - Drusus Str. 5;11.33158;46.4950655555556;0;6 BZ / 8 BZ / 9 BZ / 16 BZ
5147;via Druso 6 - Drusus Str. 6;11.3292588888889;46.4949977777778;0;BZ-ME / 2 BZ / 6 BZ / 8 BZ / 9 BZ / 16 BZ / NALLES
5148;via Druso 6 - Drusus Str. 6;11.3294958333333;46.4949563888889;0;BZ-ME / 6 BZ / 8 BZ / 9 BZ / 16 BZ / NALLES
5149;via Druso 7 - Drusus Str. 7;11.3256341666667;46.4948011111111;0;2 BZ / 6 BZ / 8 BZ
5150;via Druso 7 - Drusus Str. 7;11.3258302777778;46.4947388888889;0;8 BZ
5153;via Druso 10 - Drusus Str. 10;11.3154019444444;46.4942094444444;0;2 BZ / 6 BZ / 8 BZ
5154;via Druso 10 - Drusus Str. 10;11.3154580555556;46.4941461111111;0;8 BZ
5155;Ospedale 1 - Krankenhaus 1;11.3092227777778;46.4995752777778;0;BZ-ME / 8 BZ / 10B BZ
5156;Ospedale 1 - Krankenhaus 1;11.3091330555556;46.4996444444444;0;BZ-ME / 8 BZ / 10A BZ
5158;Ospedale 2 - Krankenhaus 2;11.3144;46.4990305555556;0;8 BZ
5159;via S. Maurizio 2 - Moritzinger Str. 2;11.3125736111111;46.5014452777778;0;10B BZ
5160;via S. Maurizio 2 - Moritzinger Str. 2;11.3129744444444;46.5015527777778;0;10A BZ
5161;via S. Maurizio 1 - Moritzinger Str. 1;11.3182858333333;46.5022133333333;0;10B BZ
5162;via S. Maurizio 1 - Moritzinger Str. 1;11.3181508333333;46.5022266666667;0;10A BZ
5163;via V. Veneto 2 - V. Veneto Str. 2;11.3253233333333;46.5031894444444;0;10B BZ
5164;via V. Veneto 2 - V. Veneto Str. 2;11.3248022222222;46.5032697222222;0;10A BZ
5165;via V. Veneto 1 - V. Veneto Str. 1;11.3301133333333;46.5026833333333;0;10B BZ
5166;via V. Veneto 1 - V. Veneto Str. 1;11.3298125;46.5027955555556;0;10A BZ
5167;piazza Gries - Grieser Platz;11.3343197222222;46.5029975;0;BZ-ME / 10B BZ / 153 BZ
5168;piazza Gries - Grieser Platz;11.3346108333333;46.5028458333333;0;BZ-ME / 10A BZ
5169;corso Liberta` 2 - Freiheitsstr. 2;11.3376775;46.50191;0;5 BZ / 10B BZ / 153 BZ
5170;corso Liberta` 2 - Freiheitsstr. 2;11.3384438888889;46.5019963888889;0;10A BZ
5171;Palasport - Stadthalle;11.3163266666667;46.4905813888889;0;9 BZ / 10A BZ
5172;Palasport - Stadthalle;11.3161138888889;46.4911125;0;9 BZ / 10B BZ
5173;via Resia 1 - Reschen Str. 1;11.3176936111111;46.4884363888889;0;9 BZ / 10A BZ
5174;via Resia 1 - Reschen Str. 1;11.3177041666667;46.4885091666667;0;9 BZ / 10B BZ / 16 BZ
5175;via Resia 2 - Reschen Str. 2;11.3187563888889;46.4867502777778;0;6 BZ / 10A BZ / 153 BZ
5176;via Resia 2 - Reschen Str. 2;11.3186730555556;46.4870455555556;0;6 BZ / 10B BZ / 16 BZ
5177;via Resia 3 - Reschen Str. 3;11.3203144444444;46.4842980555556;0;3 BZ / 6 BZ / 10A BZ / 16 BZ / 153 BZ
5178;via Resia 3 - Reschen Str. 3;11.3205905555556;46.4838808333333;0;3 BZ / 6 BZ / 10B BZ / 16 BZ / 153 BZ
5179;via Resia 4 - Reschen Str. 4;11.3222713888889;46.4823705555556;0;6 BZ / 10A BZ
5180;via Resia 4 - Reschen Str. 4;11.3221763888889;46.4825358333333;0;6 BZ / 10B BZ
5181;via Buozzi 1 - Buozzi Str. 1;11.329085;46.4793891666667;0;10A BZ
5182;via Buozzi 1 - Buozzi Str. 1;11.3288427777778;46.4787783333333;0;10B BZ
5183;via Buozzi 2 - Buozzi Str. 2;11.3276611111111;46.4770644444444;0;10A BZ
5184;via Buozzi 2 - Buozzi Str. 2;11.3273108333333;46.4762780555556;0;10B BZ
5185;Fiera - Messe;11.3255438888889;46.4735836111111;0;10A BZ
5186;Fiera - Messe;11.3256475;46.4735577777778;0;10B BZ
5187;via Buozzi 3 - Buozzi Str. 3;11.3231702777778;46.4697719444444;0;10A BZ
5188;via Buozzi 3 - Buozzi Str. 3;11.3233227777778;46.4696891666667;0;10B BZ
5189;via Einstein 2 - Einstein Str. 2;11.3265316666667;46.4685219444444;0;10A BZ
5190;via Einstein 2 - Einstein Str. 2;11.3275305555556;46.4686175;0;10B BZ
5191;via Einstein 3 - Einstein Str. 3;11.3307283333333;46.4672761111111;0;2 BZ / 4 BZ / 10A BZ
5192;via Einstein 3 - Einstein Str. 3;11.3311463888889;46.4673019444444;0;2 BZ / 4 BZ / 10B BZ
5193;via Galvani 4 - Galvani Str. 4;11.3296980555556;46.4693377777778;0;2 BZ / 4 BZ
5194;via Galvani 4 - Galvani Str. 4;11.3295605555556;46.4693686111111;0;2 BZ / 4 BZ
5195;via Galvani 3 - Galvani Str. 3;11.3312983333333;46.4728558333333;0;2 BZ / 4 BZ / 6 BZ
5196;via Galvani 3 - Galvani Str. 3;11.3312702777778;46.4730619444444;0;2 BZ / 4 BZ
5197;via Galvani 2 - Galvani Str. 2;11.3324305555556;46.4752772222222;0;2 BZ / 4 BZ / 6 BZ
5198;via Galvani 2 - Galvani Str. 2;11.3325330555556;46.4756094444444;0;2 BZ / 4 BZ / 6 BZ
5199;via Galvani 1 - Galvani Str. 1;11.3342111111111;46.4789163888889;0;2 BZ / 4 BZ / 6 BZ
5201;via Bari 4 - Bari Str. 4;11.3206813888889;46.4851855555556;0;3 BZ / 153 BZ
5202;via Bari 4 - Bari Str. 4;11.3206611111111;46.4852105555556;0;3 BZ / 16 BZ
5203;via Bari 3 - Bari Str. 3;11.3220305555556;46.48563;0;3 BZ / 16 BZ
5204;via Bari 2 - Bari Str. 2;11.3244719444444;46.4865269444444;0;3 BZ / 153 BZ
5205;via Bari 1 - Bari Str. 1;11.3268722222222;46.4878558333333;0;3 BZ / 153 BZ
5207;via Montecassino - Montecassino Str.;11.3254427777778;46.4892336111111;0;3 BZ / 6 BZ / 9 BZ / 153 BZ
5208;via Milano 3 - Mailand Str. 3;11.3266841666667;46.4902369444444;0;3 BZ / 153 BZ
5209;via Milano 2 - Mailand Str. 2;11.3296344444444;46.4899038888889;0;3 BZ / 153 BZ
5210;via Milano 1 - Mailand Str. 1;11.3324780555556;46.4896016666667;0;3 BZ / 153 BZ
5211;piazza Matteotti - Matteotti Platz;11.3368822222222;46.4903061111111;0;3 BZ / 153 BZ
5212;via Torino - Turin Str.;11.3395672222222;46.4912577777778;0;3 BZ / 153 BZ
5213;via Dalmazia 1 - Dalmatien Str. 1;11.3409075;46.49214;0;3 BZ / 153 BZ
5214;via Dalmazia 2 - Dalmatien Str. 2;11.3365766666667;46.4916886111111;0;3 BZ / 153 BZ
5215;via Palermo 2 - Palermo Str. 2;11.3324852777778;46.4919227777778;0;3 BZ
5216;via Palermo 3 - Palermo Str. 3;11.3314841666667;46.4889775;0;3 BZ
5217;via Cagliari - Cagliari Str.;11.3295625;46.4883572222222;0;3 BZ
5218;via Sassari 1 - Sassari Str. 1;11.3228816666667;46.4887797222222;0;6 BZ / 9 BZ
5219;via Parma 2 - Parmastr. 2;11.3216397222222;46.4871694444444;0;16 BZ
5220;via Sassari 2 - Sassari Str. 2;11.3194733333333;46.4883247222222;0;6 BZ / 9 BZ / 153 BZ
5221;via Parma 1 - Parma Str. 1;11.3203447222222;46.4901316666667;0;16 BZ / 153 BZ
5223;via Sarentino 2 - Sarntaler Str. 2;11.3477583333333;46.5099833333333;0;1 BZ / 14 BZ
5224;via Sarentino 2 - Sarntaler Str. 2;11.3476716666667;46.5099672222222;0;1 BZ / 12 BZ / 14 BZ
5225;via Sarentino 1 - Sarntaler Str. 1;11.3501136111111;46.5125036111111;0;1 BZ / 14 BZ
5226;via Sarentino 1 - Sarntaler Str. 1;11.34989;46.5123936111111;0;1 BZ / 12 BZ / 14 BZ
5229;via Volta 5 - Volta Str. 5;11.3254105555556;46.4805930555556;0;6 BZ / 10A BZ
5230;via Volta 5 - Volta Str. 5;11.3252447222222;46.4806925;0;6 BZ / 10B BZ
5235;via Volta 2 - Volta Str. 2;11.3337733333333;46.4792038888889;0;2 BZ
5236;via Volta 2 - Volta Str. 2;11.3322333333333;46.4795588888889;0;2 BZ / 4 BZ
5237;via Pacinotti 2 - Pacinotti Str. 2;11.3299175;46.4805213888889;0;4 BZ
5238;via Siemens 1 - Siemens Str. 1;11.3346011111111;46.4830994444444;0;4 BZ / 6 BZ
5239;via Siemens 1 - Siemens Str. 1;11.3326361111111;46.4828038888889;0;4 BZ
5240;via Lancia - Lancia Str.;11.3366688888889;46.4842402777778;0;4 BZ
5241;via Roma 3 - Romstr. 3;11.3421391666667;46.4905322222222;0;2 BZ / 4 BZ / 7B BZ
5242;via Lancia - Lancia Str.;11.3369433333333;46.4849725;0;4 BZ
5250;via Castel Flavon - Kuepachweg;11.3492902777778;46.4835427777778;0;7B BZ / 7A BZ / 14 BZ
5253;via Macello 7 - Schlachthof Str. 7;11.3559797222222;46.4945436111111;0;11 BZ
5254;via Macello 6 - Schlachthof Str. 6;11.35784;46.4949375;0;11 BZ
5255;via Macello 5 - Schlachthof Str. 5;11.3606038888889;46.4937916666667;0;11 BZ
5256;via Macello 4 - Schlachthof Str. 4;11.3630602777778;46.4932461111111;0;11 BZ
5257;Funivia del Colle - Kohlern Seilbahn;11.3684044444444;46.4911005555556;0;13 BZ
5259;ponte Campiglio - Kampiller Bruecke;11.3689361111111;46.4923886111111;0;13 BZ / 14 BZ
5260;via Macello 3 - Schlachthof Str. 3;11.3680738888889;46.4953908333333;0;13 BZ / 14 BZ
5261;via Macello 2 - Schlachthof Str. 2;11.3682369444444;46.4961416666667;0;13 BZ / 14 BZ
5262;via Macello 1 - Schlachthof Str. 1;11.3653266666667;46.4979236111111;0;11 BZ / 13 BZ / 14 BZ
5263;via Macello 1 - Schlachthof Str. 1;11.3658036111111;46.4979416666667;0;13 BZ / 14 BZ
5264;via Bari 1 - Bari Str. 1;11.3266661111111;46.4877741666667;0;3 BZ
5265;via Bari 2 - Bari Str. 2;11.3242836111111;46.4864838888889;0;3 BZ
5266;via Druso 4 - Drusus Str. 4;11.3353058333333;46.4953788888889;0;2 BZ / 6 BZ / 8 BZ / 9 BZ / 16 BZ
5267;via Druso 4 - Drusus Str. 4;11.3347916666667;46.4952480555556;0;6 BZ / 8 BZ / 9 BZ / 16 BZ
5268;Laives ZI - Leifers IZ;11.3290705555556;46.4106719444444;0;2 BZ / VAD_LAIV
5269;via Ortles - Ortler Str.;11.3189444444444;46.4829163888889;0;3 BZ / 16 BZ / 153 BZ
5270;via Ortles - Ortler Str.;11.3197169444444;46.4830663888889;0;3 BZ / 16 BZ / 153 BZ
5271;via A. Emeri 1 - A. Emeri Str. 1;11.3159491666667;46.4816483333333;0;3 BZ / 16 BZ / 153 BZ
5272;via A. Emeri 1 - A. Emeri Str. 1;11.3160544444444;46.4816277777778;0;3 BZ / 16 BZ / 153 BZ
5273;via A. Emeri 2 - A. Emeri Str. 2;11.3152213888889;46.4801669444444;0;3 BZ / 16 BZ / 153 BZ
5274;via Sordo - Sordo Str.;11.3149291666667;46.4905522222222;0;5 BZ
5275;via Mozart - Mozart Str.;11.3160161111111;46.4891855555556;0;5 BZ / 16 BZ
5301;via Cavour - Cavour Str.;11.3596747222222;46.5015875;0;12 BZ
5302;via Weggenstein 1 - Weggenstein Str. 1;11.3565044444444;46.5036222222222;0;12 BZ
5303;via Weggenstein 2 - Weggenstein Str. 2;11.3546936111111;46.5055988888889;0;12 BZ
5304;via Beato Arrigo - Selig-Heinrich Str.;11.3542952777778;46.5074719444444;0;12 BZ
5305;via S. Antonio - St. Anton Str.;11.3540866666667;46.5130761111111;0;12 BZ
5306;Castel Roncolo - Schloss Runkelstein;11.3584005555556;46.5155927777778;0;12 BZ
5307;piazza Verdi - Verdi Platz;11.3532894444444;46.4954083333333;0;4 BZ / 6 BZ / 9 BZ / 16 BZ
5309;piazza Verdi - Verdi Platz;11.3546719444444;46.4949936111111;0;4 BZ / 6 BZ / 9 BZ / 10A BZ / 11 BZ / 16 BZ
5310;ponte Druso - Drusus Bruecke;11.3470194444444;46.4947997222222;0;4 BZ / 6 BZ / 9 BZ / 16 BZ
5311;ponte Druso - Drusus Bruecke;11.3495291666667;46.4949672222222;0;4 BZ / 6 BZ / 9 BZ / 16 BZ
5312;via Druso 1 - Drusus Str. 1;11.3447144444444;46.4947563888889;0;4 BZ / 6 BZ / 9 BZ / 16 BZ
5313;via Druso 1 - Drusus Str. 1;11.3441313888889;46.4946416666667;0;4 BZ / 6 BZ / 9 BZ / 16 BZ
5314;via Druso 2 - Drusus Str. 2;11.3413977777778;46.4949041666667;0;4 BZ / 6 BZ / 9 BZ / 16 BZ
5315;via Druso 2 - Drusus Str. 2;11.3421075;46.4947383333333;0;4 BZ / 6 BZ / 9 BZ / 16 BZ
5317;Funivia S. Genesio - Seilbahn Jenesien;11.3525711111111;46.5142013888889;0;1 BZ / 12 BZ / 14 BZ
5319;via Avogadro - Avogadro Str.;11.3405891666667;46.4852955555556;0;6 BZ
5320;via Galilei 1 - Galilei Str. 1;11.3408530555556;46.4869425;0;4 BZ
5321;via Galilei 2 - Galilei Str. 2;11.3366283333333;46.4861288888889;0;6 BZ
5322;via Siemens 2 - Siemens Str. 2;11.3302627777778;46.4825363888889;0;6 BZ
5323;via Druso 9 - Drusus Str. 9;11.3195155555556;46.4944302777778;0;2 BZ / 6 BZ / 8 BZ
5324;via Druso 9 - Drusus Str. 9;11.3197719444444;46.4944030555556;0;8 BZ
5325;via Duca d'Aosta - Duca d'Aosta Str.;11.3366577777778;46.5002147222222;0;5 BZ
5326;via Piani di Mezzo - Mitterweg;11.3699513888889;46.4954213888889;0;11 BZ
5327;ponte Campiglio - Kampiller Bruecke;11.368545;46.4932897222222;0;11 BZ / 13 BZ / 14 BZ
5328;via Macello 2 - Schlachthof Str. 2;11.3676252777778;46.4967338888889;0;11 BZ / 13 BZ / 14 BZ
5330;Passeggiata dei Castani - Koestenweg;11.3476402777778;46.4814127777778;0;7B BZ / 7A BZ / 14 BZ
5331;via Del Ronco - Neubruchweg;11.3259822222222;46.4922088888889;0;6 BZ / 9 BZ / 16 BZ
5332;via Del Ronco - Neubruchweg;11.3259355555556;46.4917838888889;0;6 BZ / 9 BZ / 16 BZ
5333;via Montecassino - Montecassino Str.;11.3254319444444;46.4895038888889;0;6 BZ / 9 BZ
5334;via Sorrento - Sorrent Str.;11.3282261111111;46.4943266666667;0;6 BZ / 9 BZ / 16 BZ
5335;via Sorrento - Sorrent Str.;11.3282672222222;46.4940802777778;0;6 BZ / 9 BZ / 16 BZ
5336;via Sassari 1 - Sassari Str. 1;11.3226422222222;46.4886983333333;0;6 BZ / 9 BZ
5337;via Sassari 2 - Sassari Str. 2;11.3198913888889;46.48837;0;6 BZ / 9 BZ
5338;via Pacinotti 2 - Pacinotti Str. 2;11.3307216666667;46.4819913888889;0;4 BZ / 6 BZ
5339;via Fago 4 - Fagen Str. 4;11.3370844444444;46.5060108333333;0;153 BZ
5340;via Volta 1 - Volta Str. 1;11.3393516666667;46.478885;0;2 BZ
5341;via Volta 1 - Volta Str. 1;11.3393872222222;46.4789763888889;0;2 BZ
5343;Firmiano - Firmian;11.3051461111111;46.4904013888889;0;9 BZ
5344;Firmiano - Firmian;11.3055288888889;46.4906491666667;0;9 BZ
5345;via Duca d'Aosta - Duca d'Aosta Str.;11.3366633333333;46.5003841666667;0;5 BZ
5351;via Ospedale - Spitalgasse;11.3497305555556;46.4976277777778;0;1 BZ / 2 BZ / 3 BZ / 4 BZ / 5 BZ / 7B BZ / 8 BZ / 10B BZ / 12 BZ / 14 BZ / 153 BZ
5352;stazione 1 - Bahnhof 1;11.3578902777778;46.4965505555556;0;BZ-ME / 2 BZ / 3 BZ / 4 BZ / 5 BZ / 6 BZ / 9 BZ / 10A BZ / 11 BZ / 16 BZ / 153 BZ
5353;Ponte Adige Staz. - Sigmundskron Bhf;11.2967258333333;46.4860258333333;0;9 BZ
5354;Ponte Adige Staz. 2 - Sigmundskron Bhf 2;11.298125;46.48581;0;9 BZ
5359;via degli Artigiani - Handwerkerstr.;11.3703005555556;46.4943733333333;0;11 BZ
5360;Kampill Center - Kampill Center;11.3761622222222;46.4935452777778;0;13 BZ
5361;San Vito - St. Veit;11.4036991666667;46.48451;0;13 BZ
5362;Stroblwiese 1 - Stroblwiese 1;11.4059086111111;46.4840269444444;0;13 BZ
5363;Stroblwiese 1 - Stroblwiese 1;11.4059219444444;46.4840852777778;0;13 BZ
5364;Cardano zona Art. - Kardaun Handwerkerz.;11.3991272222222;46.49216;0;13 BZ
5365;Cardano zona Art. - Kardaun Handwerkerz.;11.3990497222222;46.4920886111111;0;13 BZ
5367;San Vito - St. Veit;11.4034016666667;46.4845388888889;0;13 BZ
6911;Sant'Anna - Sankt Anna;11.1600594444444;46.6075861111111;0;11 ME
6912;via Dogana 2 - Zollstr. 2;11.1648997222222;46.607395;0;11 ME / CITY LA
6913;via Dogana 2 - Zollstr. 2;11.1653675;46.6075202777778;0;11 ME / CITY LA
6919;Narano - Naraun;11.1617888888889;46.5748225;0;248 BZ
6920;Narano - Naraun;11.1617280555556;46.5746075;0;248 BZ
6921;Tesimo (Tisog) - Tisens (Tisog);11.1676636111111;46.5682713888889;0;248 BZ
6922;Tesimo (Tisog) - Tisens (Tisog);11.1681127777778;46.5679355555556;0;248 BZ
6923;Tesimo Comune - Tisens Gemeinde;11.1694119444444;46.5635855555556;0;248 BZ
6924;Tesimo Comune - Tisens Gemeinde;11.1695138888889;46.5636641666667;0;248 BZ
6925;Prissiano Paese - Prissian Dorf;11.1794133333333;46.5541802777778;0;248 BZ
8565;Cardano via Cornedo - Kardaun Karneiderstr.;11.3937213888889;46.4923227777778;0;13 BZ
8566;Cardano via Cornedo - Kardaun Karneiderstr.;11.3944105555556;46.4920852777778;0;13 BZ
8567;Cornedo Paese - Karneid Dorf;11.4046780555556;46.4893388888889;0;13 BZ
8568;Cornedo Paese - Karneid Dorf;11.4038208333333;46.4892508333333;0;13 BZ
9403;Ponte Adige - Sigmundskron;11.2999169444444;46.4853952777778;0;9 BZ
9404;Ponte Adige - Sigmundskron;11.2998405555556;46.48545;0;9 BZ
9610;via Thalguter - Thalguter Str.;11.1252080555556;46.6806091666667;0;13 ME
9620;Lagundo scuole - Algund Schulen;11.1189219444444;46.6813869444444;0;11 ME / 12 ME
9642;via Scena 4 - Schennastr. 4;11.1900138888889;46.6720194444444;0;NIGHTSH
9643;via Scena 5 - Schennastr. 5;11.1889077777778;46.6749644444444;0;NIGHTSH
9646;via Scena 6 - Schennastr. 6;11.1891102777778;46.6771941666667;0;NIGHTSH
9648;via Scena 7 - Schennastr. 7;11.1893894444444;46.6813661111111;0;NIGHTSH
9650;via Scena 8 - Schennastr. 8;11.1891127777778;46.6846283333333;0;NIGHTSH
9651;Scena Paese - Schenna Dorf;11.1875972222222;46.6897316666667;0;NIGHTSH
9664;via Tramontana 3 - Noerderstr. 3;11.1216088888889;46.6759905555556;0;12 ME / NIGHTSH
9665;via Tramontana 3 - Noerderstr. 3;11.12151;46.6759502777778;0;12 ME
9666;via Karl Wolf 1A - Karl Wolf Str. 1A;11.1566508333333;46.6772058333333;0;3 ME / 6 ME / 12 ME
9667;via Karl Wolf 1A - Karl Wolf Str. 1A;11.1567341666667;46.6770391666667;0;2 ME / 3 ME
9695;via Caines Vigili del Fuoco - Kuenserstr. Feuerwehr;11.1717377777778;46.6976186111111;0;VERNURIO
9696;via Caines Vigili del Fuoco - Kuenserstr. Feuerwehr;11.1715677777778;46.6976291666667;0;VERNURIO
9698;via Caines (Ungericht) - Kuenserstr. (Ungericht);11.1673802777778;46.7003125;0;VERNURIO
9699;via Caines (Sonnenhof) - Kuenserstr. (Sonnenhof);11.1702958333333;46.7003980555556;0;VERNURIO
9700;via Caines (Ungericht) - Kuenserstr. (Ungericht);11.1671344444444;46.7002880555556;0;VERNURIO
9701;S.Maurizio Pircher - Moritzing Pircher;11.3034111111111;46.4984625;0;BZ-ME / NALLES
9702;S.Maurizio Pircher - Moritzing Pircher;11.3031825;46.498735;0;BZ-ME / NALLES
9703;S. Maurizio Moosb. - Moritzing Moosb.;11.3001277777778;46.5007777777778;0;BZ-ME / NALLES
9704;S. Maurizio Moosb. - Moritzing Moosb.;11.2998347222222;46.5010455555556;0;BZ-ME / NALLES
9705;Bagni di Zolfo - Schwefelbad;11.295675;46.5038663888889;0;BZ-ME / NALLES
9706;Bagni di Zolfo - Schwefelbad;11.2956;46.5040172222222;0;BZ-ME / NALLES
9707;via Merano 94 - Meraner Str. 94;11.2921513888889;46.5054580555556;0;BZ-ME / NALLES
9708;via Merano 94 - Meraner Str. 94;11.2912861111111;46.5058047222222;0;BZ-ME / NALLES
9709;Settequerce - Siebeneich;11.2742983333333;46.5108791666667;0;BZ-ME / NALLES
9710;Settequerce - Siebeneich;11.2743458333333;46.5109958333333;0;BZ-ME / NALLES
9713;Chiusa Oberspeiser - Klaus Oberspeiser;11.2604561111111;46.5196208333333;0;BZ-ME / NALLES
9714;Chiusa Oberspeiser - Klaus Oberspeiser;11.2605497222222;46.51961;0;BZ-ME / NALLES
9715;Terlano Centro - Terlan Zentrum;11.2496280555556;46.5293627777778;0;BZ-ME / NALLES
9716;Terlano Centro - Terlan Zentrum;11.2491711111111;46.5294155555556;0;BZ-ME / NALLES
9717;Terlano Winkler Hof - Terlan Winkler Hof;11.2411691666667;46.5371730555556;0;BZ-ME / NALLES
9718;Terlano Winkler Hof - Terlan Winkler Hof;11.2421213888889;46.5365508333333;0;BZ-ME / NALLES
9719;Terlano Weinstube - Terlan Weinstube;11.2383883333333;46.5436316666667;0;BZ-ME / NALLES
9720;Terlano Weinstube - Terlan Weinstube;11.2383508333333;46.5449919444444;0;BZ-ME / NALLES
9721;Vilpiano Schlemmer - Vilpian Schlemmer;11.2296272222222;46.5519466666667;0;BZ-ME / NALLES
9722;Vilpiano Schlemmer - Vilpian Schlemmer;11.2295252777778;46.5520333333333;0;BZ-ME / NALLES
9723;Zona sportiva - Sportzone;11.2241483333333;46.5552344444444;0;BZ-ME / NALLES
9724;Zona sportiva - Sportzone;11.2236358333333;46.5558277777778;0;BZ-ME / NALLES
9725;Vilpiano - Vilpian;11.2234688888889;46.5596602777778;0;BZ-ME / NALLES
9726;Vilpiano - Vilpian;11.2237936111111;46.5613683333333;0;BZ-ME / NALLES
9727;Funivia Meltina - Seilbahn Moelten;11.2242322222222;46.5630880555556;0;BZ-ME / NALLES / NIGHTSH
9729;vicolo al Monte - Bergstr.;11.2171969444444;46.5718569444444;0;BZ-ME / NIGHTSH
9730;vicolo al Monte - Bergstr.;11.2172405555556;46.5718755555556;0;BZ-ME / NIGHTSH
9731;Postal Winkelau - Burgstall Winkelau;11.2002869444444;46.5968205555556;0;BZ-ME / CITY LA / NIGHTSH
9732;Postal Winkelau - Burgstall Winkelau;11.2003797222222;46.5967258333333;0;BZ-ME / CITY LA / NIGHTSH
9733;Settequerce Zona Artig. - Siebeneich HW Zone;11.2691383333333;46.5142897222222;0;BZ-ME / NALLES
9734;Settequerce Zona Artig. - Siebeneich HW Zone;11.2701466666667;46.5139016666667;0;BZ-ME / NALLES
9741;Andriano p.zza.S.Urbano - Andrian St.Urban Platz;11.2332516666667;46.5187277777778;0;NALLES
9743;Zum Hirschen - Zum Hirschen;11.2201305555556;46.5562158333333;0;NALLES
9744;Zum Hirschen - Zum Hirschen;11.2210011111111;46.5570063888889;0;NALLES
9747;Nalles parcheggio pompieri - Nals Feuerwehr Parkplatz;11.2059419444444;46.5434375;0;248 BZ / NALLES
9753;via Aslago 2 - Haslachstr. 2;11.1542908333333;46.6947533333333;0;CROCE T
9754;Funivia Muta - Seilbahn Hochmut;11.1528413888889;46.6965127777778;0;CROCE T
9755;via Aslago 3 - Haslachstr. 3;11.1523972222222;46.6978502777778;0;CROCE T
9756;via Aslago 4 - Haslachstr. 4;11.1541297222222;46.70015;0;CROCE T
9761;via Verano - Voeranstr.;11.2174105555556;46.6349422222222;0;ME-AV / NIGHTSH
9762;via Verano - Voeranstr.;11.2173283333333;46.6350052777778;0;ME-AV / NIGHTSH
9763;Hinterkofel 1 - Hinterkofel 1;11.2096463888889;46.6260288888889;0;ME-AV / NIGHTSH
9764;Hinterkofel 1 - Hinterkofel 1;11.2094713888889;46.6259041666667;0;ME-AV / NIGHTSH
9765;Hinterkofel 2 - Hinterkofel 2;11.2208438888889;46.6147969444444;0;ME-AV / NIGHTSH
9766;Hinterkofel 2 - Hinterkofel 2;11.2209816666667;46.6149647222222;0;ME-AV / NIGHTSH
9767;Verano Paese 1 - Voeran Dorf 1;11.2271397222222;46.6057161111111;0;ME-AV / NIGHTSH
9768;Verano Paese 1 - Voeran Dorf 1;11.2264308333333;46.6059727777778;0;ME-AV / NIGHTSH
9769;Verano Paese 2 - Voeran Dorf 2;11.2328336111111;46.6041541666667;0;ME-AV / NIGHTSH
9770;Verano Paese 2 - Voeran Dorf 2;11.2320569444444;46.6040347222222;0;ME-AV / NIGHTSH
9771;Gruener Baum - Gruener Baum;11.2392888888889;46.6081633333333;0;ME-AV / NIGHTSH
9773;via Labers 2 - Laberserstr. 2;11.2030294444444;46.6609136111111;0;ME-AV / NIGHTSH
9774;via Labers 2 - Laberserstr. 2;11.2030722222222;46.6612741666667;0;ME-AV / NIGHTSH
9775;Bivio Falzeben - Abzw. Falzeben;11.2190758333333;46.6484258333333;0;ME-AV / NIGHTSH
9776;Hinterkofel 3 - Hinterkofel 3;11.2265177777778;46.6174530555556;0;ME-AV / NIGHTSH
9777;Hinterkofel 3 - Hinterkofel 3;11.2267616666667;46.6173111111111;0;ME-AV / NIGHTSH
9903;ponte Vadena - Pfattner Bruecke;11.3152677777778;46.4138586111111;0;VAD_LAIV
9905;Vadena Nuova - Neu Pfatten;11.3108986111111;46.4132683333333;0;VAD_LAIV
9906;Vadena Nuova - Neu Pfatten;11.31058;46.413215;0;VAD_LAIV
9907;Vadena Comune - Pfatten Gemeinde;11.3047980555556;46.4131972222222;0;VAD_LAIV
9908;Vadena Comune - Pfatten Gemeinde;11.3050002777778;46.4137927777778;0;VAD_LAIV
9909;Vadena Birti - Pfatten Birti;11.2990208333333;46.4063852777778;0;VAD_LAIV
9911;via Tramontana 1 - Noerderstr. 1;11.1350091666667;46.6674347222222;0;12 ME
9912;via Tramontana 1 - Noerderstr. 1;11.1350188888889;46.6675488888889;0;12 ME / NIGHTSH
9913;via Cantina 2 - Kellerei Str. 2;11.1429288888889;46.6506761111111;0;12 ME / NIGHTSH
9914;via Cantina 2 - Kellerei Str. 2;11.1425591666667;46.6511688888889;0;12 ME
9915;via Cantina 1 - Kellerei Str. 1;11.14433;46.6482322222222;0;12 ME / NIGHTSH
9916;via Cantina 1 - Kellerei Str. 1;11.1447119444444;46.6480888888889;0;12 ME
9917;via Tramontana 2 - Noerderstr. 2;11.1295172222222;46.6738188888889;0;12 ME / NIGHTSH
9918;via Tramontana 2 - Noerderstr. 2;11.1294955555556;46.6737366666667;0;12 ME
9951;Cermes 4 - Tscherms 4;11.1474836111111;46.6287488888889;0;11 ME / NIGHTSH
9952;Cermes 4 - Tscherms 4;11.1476602777778;46.6276741666667;0;11 ME
9953;via Weingartner 4 - Weingartnerstr. 4;11.1378572222222;46.6791763888889;0;11 ME / 12 ME / 13 ME / NIGHTSH
9954;via Weingartner 4 - Weingartnerstr. 4;11.1382475;46.6791438888889;0;11 ME / 12 ME / 13 ME
9980;Acquaviva - Ackpfeil;11.1602422222222;46.5890316666667;0;248 BZ
10849;Terlano Stazione - Terlan Bahnhof;11.2491866666667;46.5283905555556;0;NALLES
40953;Ponte Adige Staz. 2 - Sigmundskron Bhf 2;11.2980566666667;46.4858830555556;0;9 BZ
55351;via Josef Noldin - Josef Noldin Str.;11.3364488888889;46.4272633333333;0;INT_LAIV
55352;via Josef Noldin - Josef Noldin Str.;11.3364094444444;46.4273169444444;0;INT_LAIV
